step,pos,ratio_mean,ratio_last4,ratio_last,conf
0,35,1.0,1.0,1.0,0.1455078125
0,36,1.0,1.0,1.0,0.0947265625
0,37,1.0,1.0,1.0,0.1318359375
0,38,1.0,1.0,1.0,0.09130859375
0,39,1.0,1.0,1.0,0.058349609375
0,40,1.0,1.0,1.0,0.050537109375
0,41,1.0,1.0,1.0,0.06298828125
0,42,1.0,1.0,1.0,0.055908203125
0,43,1.0,1.0,1.0,-inf
0,44,1.0,1.0,1.0,-inf
0,45,1.0,1.0,1.0,-inf
0,46,1.0,1.0,1.0,-inf
0,47,1.0,1.0,1.0,-inf
0,48,1.0,1.0,1.0,-inf
0,49,1.0,1.0,1.0,-inf
0,50,1.0,1.0,1.0,-inf
0,51,1.0,1.0,1.0,-inf
0,52,1.0,1.0,1.0,-inf
0,53,1.0,1.0,1.0,-inf
0,54,1.0,1.0,1.0,-inf
0,55,1.0,1.0,1.0,-inf
0,56,1.0,1.0,1.0,-inf
0,57,1.0,1.0,1.0,-inf
0,58,1.0,1.0,1.0,-inf
0,59,1.0,1.0,1.0,-inf
0,60,1.0,1.0,1.0,-inf
0,61,1.0,1.0,1.0,-inf
0,62,1.0,1.0,1.0,-inf
0,63,1.0,1.0,1.0,-inf
0,64,1.0,1.0,1.0,-inf
0,65,1.0,1.0,1.0,-inf
0,66,1.0,1.0,1.0,-inf
0,67,1.0,1.0,1.0,-inf
0,68,1.0,1.0,1.0,-inf
0,69,1.0,1.0,1.0,-inf
0,70,1.0,1.0,1.0,-inf
0,71,1.0,1.0,1.0,-inf
0,72,1.0,1.0,1.0,-inf
0,73,1.0,1.0,1.0,-inf
0,74,1.0,1.0,1.0,-inf
0,75,1.0,1.0,1.0,-inf
0,76,1.0,1.0,1.0,-inf
0,77,1.0,1.0,1.0,-inf
0,78,1.0,1.0,1.0,-inf
0,79,1.0,1.0,1.0,-inf
0,80,1.0,1.0,1.0,-inf
0,81,1.0,1.0,1.0,-inf
0,82,1.0,1.0,1.0,-inf
0,83,1.0,1.0,1.0,-inf
0,84,1.0,1.0,1.0,-inf
0,85,1.0,1.0,1.0,-inf
0,86,1.0,1.0,1.0,-inf
0,87,1.0,1.0,1.0,-inf
0,88,1.0,1.0,1.0,-inf
0,89,1.0,1.0,1.0,-inf
0,90,1.0,1.0,1.0,-inf
0,91,1.0,1.0,1.0,-inf
0,92,1.0,1.0,1.0,-inf
0,93,1.0,1.0,1.0,-inf
0,94,1.0,1.0,1.0,-inf
0,95,1.0,1.0,1.0,-inf
0,96,1.0,1.0,1.0,-inf
0,97,1.0,1.0,1.0,-inf
0,98,1.0,1.0,1.0,-inf
1,36,0.87890625,0.84375,0.84375,0.6171875
1,37,0.88671875,0.8828125,0.8828125,0.5703125
1,38,0.90625,0.92578125,0.9140625,0.1103515625
1,39,0.91796875,0.9375,0.93359375,0.10009765625
1,40,0.9296875,0.953125,0.9375,0.07568359375
1,41,0.9296875,0.953125,0.94140625,0.09375
1,42,0.9453125,0.95703125,0.9453125,0.09521484375
1,43,0.94140625,0.96484375,0.953125,-inf
1,44,0.95703125,0.96875,0.9609375,-inf
1,45,0.953125,0.96875,0.96484375,-inf
1,46,0.94921875,0.96875,0.96875,-inf
1,47,0.96484375,0.96484375,0.96875,-inf
1,48,0.94921875,0.96875,0.96484375,-inf
1,49,0.9609375,0.97265625,0.96875,-inf
1,50,0.94921875,0.97265625,0.96875,-inf
1,51,0.96484375,0.97265625,0.96484375,-inf
1,52,0.96875,0.96875,0.95703125,-inf
1,53,0.953125,0.96875,0.95703125,-inf
1,54,0.96875,0.96484375,0.9609375,-inf
1,55,0.9609375,0.96875,0.96484375,-inf
1,56,0.9609375,0.9765625,0.97265625,-inf
1,57,0.96875,0.98046875,0.9765625,-inf
1,58,0.96484375,0.98046875,0.98046875,-inf
1,59,0.9609375,0.9765625,0.98046875,-inf
1,60,0.9609375,0.9765625,0.98046875,-inf
1,61,0.9765625,0.98046875,0.98046875,-inf
1,62,0.9609375,0.98046875,0.984375,-inf
1,63,0.96484375,0.98046875,0.984375,-inf
1,64,0.97265625,0.98046875,0.984375,-inf
1,65,0.97265625,0.9765625,0.98046875,-inf
1,66,0.96875,0.9765625,0.98046875,-inf
1,67,0.9765625,0.9765625,0.9765625,-inf
1,68,0.96484375,0.9765625,0.9765625,-inf
1,69,0.97265625,0.98046875,0.9765625,-inf
1,70,0.96484375,0.98046875,0.9765625,-inf
1,71,0.9765625,0.984375,0.98046875,-inf
1,72,0.96875,0.98046875,0.98046875,-inf
1,73,0.97265625,0.984375,0.984375,-inf
1,74,0.96875,0.984375,0.984375,-inf
1,75,0.96484375,0.984375,0.984375,-inf
1,76,0.9765625,0.984375,0.984375,-inf
1,77,0.96875,0.984375,0.984375,-inf
1,78,0.9765625,0.984375,0.98046875,-inf
1,79,0.9765625,0.98046875,0.98046875,-inf
1,80,0.96875,0.98046875,0.98046875,-inf
1,81,0.96484375,0.984375,0.98046875,-inf
1,82,0.97265625,0.98046875,0.9765625,-inf
1,83,0.97265625,0.98046875,0.98046875,-inf
1,84,0.96875,0.9765625,0.9765625,-inf
1,85,0.98046875,0.984375,0.984375,-inf
1,86,0.97265625,0.984375,0.98828125,-inf
1,87,0.98046875,0.98828125,0.98828125,-inf
1,88,0.9765625,0.98828125,0.98828125,-inf
1,89,0.9765625,0.98828125,0.98828125,-inf
1,90,0.9765625,0.98828125,0.98828125,-inf
1,91,0.96875,0.984375,0.98828125,-inf
1,92,0.9765625,0.984375,0.98828125,-inf
1,93,0.96875,0.984375,0.9921875,-inf
1,94,0.9765625,0.98828125,0.9921875,-inf
1,95,0.9765625,0.984375,0.98828125,-inf
1,96,0.98046875,0.98828125,0.9921875,-inf
1,97,0.98046875,0.99609375,0.99609375,-inf
1,98,0.98046875,1.0,0.99609375,-inf
2,37,0.8359375,0.828125,0.83984375,0.80078125
2,38,0.85546875,0.87109375,0.8671875,0.19140625
2,39,0.87109375,0.89453125,0.89453125,0.1279296875
2,40,0.89453125,0.921875,0.91015625,0.0947265625
2,41,0.890625,0.92578125,0.91015625,0.1640625
2,42,0.9140625,0.9375,0.91796875,0.099609375
2,43,0.90234375,0.94140625,0.9296875,-inf
2,44,0.9296875,0.94921875,0.93359375,-inf
2,45,0.9296875,0.953125,0.9375,-inf
2,46,0.91796875,0.953125,0.94921875,-inf
2,47,0.9453125,0.94921875,0.9453125,-inf
2,48,0.921875,0.953125,0.9453125,-inf
2,49,0.94140625,0.953125,0.9453125,-inf
2,50,0.91796875,0.953125,0.94921875,-inf
2,51,0.94140625,0.953125,0.9453125,-inf
2,52,0.9453125,0.953125,0.94140625,-inf
2,53,0.921875,0.953125,0.9453125,-inf
2,54,0.94921875,0.9453125,0.94140625,-inf
2,55,0.9375,0.953125,0.9453125,-inf
2,56,0.93359375,0.95703125,0.953125,-inf
2,57,0.94921875,0.9609375,0.95703125,-inf
2,58,0.94140625,0.96484375,0.9609375,-inf
2,59,0.93359375,0.9609375,0.95703125,-inf
2,60,0.93359375,0.95703125,0.9609375,-inf
2,61,0.9609375,0.9609375,0.95703125,-inf
2,62,0.93359375,0.96484375,0.96875,-inf
2,63,0.9375,0.96875,0.97265625,-inf
2,64,0.953125,0.96875,0.96875,-inf
2,65,0.94921875,0.96484375,0.96484375,-inf
2,66,0.9453125,0.9609375,0.96484375,-inf
2,67,0.95703125,0.9609375,0.9609375,-inf
2,68,0.94140625,0.9609375,0.95703125,-inf
2,69,0.953125,0.96484375,0.95703125,-inf
2,70,0.94140625,0.96875,0.95703125,-inf
2,71,0.9609375,0.96875,0.953125,-inf
2,72,0.94921875,0.96875,0.9609375,-inf
2,73,0.94921875,0.96875,0.9609375,-inf
2,74,0.94921875,0.96875,0.96484375,-inf
2,75,0.94140625,0.96875,0.96484375,-inf
2,76,0.9609375,0.96875,0.9609375,-inf
2,77,0.9453125,0.97265625,0.96484375,-inf
2,78,0.9609375,0.96875,0.9609375,-inf
2,79,0.95703125,0.96875,0.95703125,-inf
2,80,0.94921875,0.96875,0.95703125,-inf
2,81,0.94140625,0.96875,0.9609375,-inf
2,82,0.953125,0.9609375,0.94921875,-inf
2,83,0.953125,0.96875,0.95703125,-inf
2,84,0.9453125,0.96875,0.95703125,-inf
2,85,0.96484375,0.96875,0.9609375,-inf
2,86,0.953125,0.97265625,0.96484375,-inf
2,87,0.96484375,0.9765625,0.96875,-inf
2,88,0.95703125,0.9765625,0.96875,-inf
2,89,0.9609375,0.9765625,0.96875,-inf
2,90,0.95703125,0.9765625,0.97265625,-inf
2,91,0.94921875,0.97265625,0.97265625,-inf
2,92,0.9609375,0.9765625,0.97265625,-inf
2,93,0.94921875,0.9765625,0.97265625,-inf
2,94,0.9609375,0.98046875,0.98046875,-inf
2,95,0.95703125,0.9765625,0.97265625,-inf
2,96,0.96484375,0.984375,0.984375,-inf
2,97,0.96875,0.9921875,0.9921875,-inf
2,98,0.9609375,0.99609375,0.9921875,-inf
3,38,0.8125,0.8046875,0.796875,0.2275390625
3,39,0.83984375,0.84375,0.85546875,0.2099609375
3,40,0.85546875,0.88671875,0.8671875,0.130859375
3,41,0.8671875,0.90234375,0.8828125,0.3359375
3,42,0.88671875,0.9140625,0.89453125,0.1953125
3,43,0.87890625,0.921875,0.90625,-inf
3,44,0.90234375,0.93359375,0.921875,-inf
3,45,0.8984375,0.9375,0.9296875,-inf
3,46,0.89453125,0.9375,0.93359375,-inf
3,47,0.92578125,0.93359375,0.9296875,-inf
3,48,0.8984375,0.93359375,0.92578125,-inf
3,49,0.921875,0.93359375,0.92578125,-inf
3,50,0.890625,0.93359375,0.921875,-inf
3,51,0.92578125,0.9296875,0.91796875,-inf
3,52,0.9140625,0.93359375,0.91796875,-inf
3,53,0.90234375,0.9296875,0.91796875,-inf
3,54,0.92578125,0.92578125,0.91796875,-inf
3,55,0.9140625,0.9296875,0.91796875,-inf
3,56,0.90625,0.93359375,0.92578125,-inf
3,57,0.92578125,0.9375,0.92578125,-inf
3,58,0.91796875,0.9453125,0.9296875,-inf
3,59,0.90625,0.9453125,0.93359375,-inf
3,60,0.9140625,0.94140625,0.9375,-inf
3,61,0.94140625,0.94140625,0.94140625,-inf
3,62,0.921875,0.9453125,0.94921875,-inf
3,63,0.9140625,0.94921875,0.953125,-inf
3,64,0.9375,0.953125,0.953125,-inf
3,65,0.91015625,0.9453125,0.94140625,-inf
3,66,0.921875,0.9453125,0.9375,-inf
3,67,0.93359375,0.9453125,0.9375,-inf
3,68,0.92578125,0.94140625,0.93359375,-inf
3,69,0.9453125,0.94140625,0.9296875,-inf
3,70,0.91796875,0.94921875,0.9296875,-inf
3,71,0.9453125,0.953125,0.92578125,-inf
3,72,0.921875,0.94921875,0.93359375,-inf
3,73,0.93359375,0.94921875,0.9375,-inf
3,74,0.92578125,0.94921875,0.9375,-inf
3,75,0.921875,0.94921875,0.9375,-inf
3,76,0.9453125,0.953125,0.94140625,-inf
3,77,0.92578125,0.953125,0.9453125,-inf
3,78,0.94140625,0.953125,0.9375,-inf
3,79,0.94140625,0.953125,0.9375,-inf
3,80,0.9296875,0.953125,0.93359375,-inf
3,81,0.921875,0.94921875,0.9296875,-inf
3,82,0.93359375,0.9453125,0.921875,-inf
3,83,0.9296875,0.94921875,0.921875,-inf
3,84,0.92578125,0.94921875,0.92578125,-inf
3,85,0.9453125,0.953125,0.9375,-inf
3,86,0.9375,0.953125,0.9375,-inf
3,87,0.953125,0.95703125,0.9453125,-inf
3,88,0.9375,0.9609375,0.9453125,-inf
3,89,0.9453125,0.9609375,0.94921875,-inf
3,90,0.9375,0.9609375,0.953125,-inf
3,91,0.9296875,0.95703125,0.94921875,-inf
3,92,0.94140625,0.9609375,0.95703125,-inf
3,93,0.92578125,0.9609375,0.953125,-inf
3,94,0.9453125,0.96484375,0.95703125,-inf
3,95,0.94140625,0.96484375,0.953125,-inf
3,96,0.94921875,0.97265625,0.97265625,-inf
3,97,0.95703125,0.98828125,0.984375,-inf
3,98,0.94921875,0.9921875,0.984375,-inf
4,38,0.76953125,0.80078125,0.765625,0.5546875
4,39,0.7734375,0.828125,0.8359375,0.71875
4,40,0.79296875,0.8125,0.7890625,0.671875
4,42,0.80078125,0.8125,0.796875,0.6015625
4,43,0.83984375,0.8671875,0.84765625,-inf
4,44,0.84375,0.8984375,0.859375,-inf
4,45,0.8828125,0.90625,0.875,-inf
4,46,0.8671875,0.90625,0.88671875,-inf
4,47,0.88671875,0.91015625,0.8984375,-inf
4,48,0.8671875,0.90625,0.890625,-inf
4,49,0.89453125,0.90234375,0.87890625,-inf
4,50,0.86328125,0.90625,0.88671875,-inf
4,51,0.890625,0.8984375,0.875,-inf
4,52,0.875,0.8984375,0.87109375,-inf
4,53,0.8671875,0.89453125,0.8671875,-inf
4,54,0.89453125,0.890625,0.859375,-inf
4,55,0.8828125,0.8984375,0.8671875,-inf
4,56,0.88671875,0.90625,0.87109375,-inf
4,57,0.90625,0.91015625,0.87109375,-inf
4,58,0.890625,0.9140625,0.875,-inf
4,59,0.8828125,0.9140625,0.87890625,-inf
4,60,0.8984375,0.9140625,0.88671875,-inf
4,61,0.9140625,0.9140625,0.890625,-inf
4,62,0.890625,0.921875,0.91015625,-inf
4,63,0.9140625,0.921875,0.91015625,-inf
4,64,0.8984375,0.92578125,0.91015625,-inf
4,65,0.90625,0.921875,0.91015625,-inf
4,66,0.9140625,0.91796875,0.90234375,-inf
4,67,0.89453125,0.921875,0.8984375,-inf
4,68,0.90625,0.921875,0.8984375,-inf
4,69,0.8984375,0.9296875,0.90625,-inf
4,70,0.9375,0.92578125,0.8984375,-inf
4,71,0.91015625,0.92578125,0.90234375,-inf
4,72,0.90625,0.921875,0.90234375,-inf
4,73,0.921875,0.921875,0.8984375,-inf
4,74,0.91015625,0.9296875,0.90234375,-inf
4,75,0.91796875,0.9296875,0.89453125,-inf
4,76,0.92578125,0.93359375,0.90625,-inf
4,77,0.91015625,0.9375,0.91015625,-inf
4,78,0.8984375,0.92578125,0.90625,-inf
4,79,0.91796875,0.9296875,0.91015625,-inf
4,80,0.921875,0.93359375,0.90625,-inf
4,81,0.90625,0.9296875,0.8984375,-inf
4,82,0.921875,0.9296875,0.890625,-inf
4,83,0.90625,0.93359375,0.8984375,-inf
4,84,0.91015625,0.9296875,0.8984375,-inf
4,85,0.9296875,0.93359375,0.90625,-inf
4,86,0.921875,0.9375,0.91015625,-inf
4,87,0.9375,0.94140625,0.9140625,-inf
4,88,0.921875,0.94140625,0.9140625,-inf
4,89,0.9296875,0.94921875,0.921875,-inf
4,90,0.91796875,0.94140625,0.91796875,-inf
4,91,0.9140625,0.9375,0.9140625,-inf
4,92,0.921875,0.94921875,0.92578125,-inf
4,93,0.9140625,0.953125,0.93359375,-inf
4,94,0.9296875,0.953125,0.9375,-inf
4,95,0.91015625,0.9453125,0.92578125,-inf
4,96,0.9375,0.96875,0.9609375,-inf
4,97,0.9375,0.98046875,0.98046875,-inf
4,98,0.94140625,0.98828125,0.984375,-inf
5,38,0.734375,0.76953125,0.7578125,0.83984375
5,40,0.7578125,0.76171875,0.71875,0.67578125
5,42,0.78125,0.80078125,0.78125,0.58984375
5,43,0.8203125,0.859375,0.8359375,-inf
5,44,0.82421875,0.88671875,0.84375,-inf
5,45,0.8671875,0.890625,0.859375,-inf
5,46,0.8515625,0.890625,0.875,-inf
5,47,0.87109375,0.8984375,0.88671875,-inf
5,48,0.84765625,0.89453125,0.875,-inf
5,49,0.87890625,0.890625,0.86328125,-inf
5,50,0.8515625,0.890625,0.87109375,-inf
5,51,0.875,0.8828125,0.859375,-inf
5,52,0.85546875,0.88671875,0.85546875,-inf
5,53,0.85546875,0.8828125,0.8515625,-inf
5,54,0.8828125,0.8828125,0.84765625,-inf
5,55,0.8671875,0.88671875,0.8515625,-inf
5,56,0.87109375,0.89453125,0.859375,-inf
5,57,0.890625,0.8984375,0.859375,-inf
5,58,0.87890625,0.8984375,0.86328125,-inf
5,59,0.87109375,0.90234375,0.8671875,-inf
5,60,0.88671875,0.90625,0.875,-inf
5,61,0.8984375,0.90625,0.87890625,-inf
5,62,0.8828125,0.9140625,0.89453125,-inf
5,63,0.90234375,0.91015625,0.89453125,-inf
5,64,0.87890625,0.9140625,0.8984375,-inf
5,65,0.890625,0.9140625,0.90234375,-inf
5,66,0.90234375,0.91015625,0.890625,-inf
5,67,0.87890625,0.9140625,0.890625,-inf
5,68,0.8984375,0.91796875,0.89453125,-inf
5,69,0.88671875,0.91796875,0.890625,-inf
5,70,0.921875,0.9140625,0.8828125,-inf
5,71,0.90625,0.91796875,0.890625,-inf
5,72,0.90234375,0.91796875,0.89453125,-inf
5,73,0.91015625,0.91796875,0.890625,-inf
5,74,0.890625,0.921875,0.89453125,-inf
5,75,0.90234375,0.921875,0.890625,-inf
5,76,0.91015625,0.92578125,0.8984375,-inf
5,77,0.8984375,0.9296875,0.90625,-inf
5,78,0.90625,0.92578125,0.90234375,-inf
5,79,0.90234375,0.92578125,0.90234375,-inf
5,80,0.9140625,0.92578125,0.89453125,-inf
5,81,0.89453125,0.9296875,0.89453125,-inf
5,82,0.90234375,0.9296875,0.89453125,-inf
5,83,0.89453125,0.92578125,0.890625,-inf
5,84,0.8984375,0.92578125,0.89453125,-inf
5,85,0.9140625,0.92578125,0.8984375,-inf
5,86,0.91015625,0.9296875,0.90625,-inf
5,87,0.9296875,0.9296875,0.90234375,-inf
5,88,0.9140625,0.9375,0.90625,-inf
5,89,0.91796875,0.9375,0.9140625,-inf
5,90,0.90625,0.9375,0.91015625,-inf
5,91,0.90625,0.93359375,0.91015625,-inf
5,92,0.91015625,0.9453125,0.921875,-inf
5,93,0.90234375,0.94921875,0.9296875,-inf
5,94,0.91796875,0.94921875,0.93359375,-inf
5,95,0.91015625,0.9453125,0.92578125,-inf
5,96,0.9296875,0.9609375,0.953125,-inf
5,97,0.92578125,0.9765625,0.9765625,-inf
5,98,0.93359375,0.984375,0.98046875,-inf
6,40,0.7265625,0.75,0.73046875,0.640625
6,42,0.75,0.78125,0.77734375,0.59765625
6,43,0.796875,0.83984375,0.82421875,-inf
6,44,0.796875,0.8671875,0.83203125,-inf
6,45,0.8515625,0.8671875,0.83984375,-inf
6,46,0.8359375,0.8671875,0.8515625,-inf
6,47,0.85546875,0.87890625,0.875,-inf
6,48,0.83203125,0.875,0.86328125,-inf
6,49,0.86328125,0.87109375,0.8515625,-inf
6,50,0.828125,0.875,0.859375,-inf
6,51,0.85546875,0.859375,0.8359375,-inf
6,52,0.83203125,0.8671875,0.83203125,-inf
6,53,0.83203125,0.859375,0.82421875,-inf
6,54,0.859375,0.86328125,0.8203125,-inf
6,55,0.83984375,0.8671875,0.82421875,-inf
6,56,0.85546875,0.875,0.83984375,-inf
6,57,0.875,0.87890625,0.83984375,-inf
6,58,0.88671875,0.8828125,0.84375,-inf
6,59,0.859375,0.88671875,0.8515625,-inf
6,60,0.8671875,0.88671875,0.859375,-inf
6,61,0.8828125,0.890625,0.8671875,-inf
6,62,0.8671875,0.8984375,0.8828125,-inf
6,63,0.8828125,0.8984375,0.88671875,-inf
6,64,0.86328125,0.90234375,0.88671875,-inf
6,65,0.8828125,0.8984375,0.88671875,-inf
6,66,0.8671875,0.8984375,0.87890625,-inf
6,67,0.90234375,0.8984375,0.875,-inf
6,68,0.87890625,0.90625,0.88671875,-inf
6,69,0.890625,0.8984375,0.8828125,-inf
6,70,0.89453125,0.8984375,0.87890625,-inf
6,71,0.875,0.90234375,0.8828125,-inf
6,72,0.88671875,0.90625,0.87890625,-inf
6,73,0.875,0.90625,0.8828125,-inf
6,74,0.875,0.91015625,0.8828125,-inf
6,75,0.89453125,0.9140625,0.8828125,-inf
6,76,0.90234375,0.91015625,0.8828125,-inf
6,77,0.89453125,0.9140625,0.890625,-inf
6,78,0.88671875,0.9140625,0.89453125,-inf
6,79,0.890625,0.9140625,0.890625,-inf
6,80,0.89453125,0.921875,0.890625,-inf
6,81,0.88671875,0.921875,0.88671875,-inf
6,82,0.890625,0.921875,0.890625,-inf
6,83,0.8828125,0.921875,0.890625,-inf
6,84,0.8984375,0.921875,0.890625,-inf
6,85,0.89453125,0.921875,0.89453125,-inf
6,86,0.8984375,0.9296875,0.90234375,-inf
6,87,0.91796875,0.92578125,0.90234375,-inf
6,88,0.90625,0.9375,0.9140625,-inf
6,89,0.9140625,0.9375,0.91796875,-inf
6,90,0.89453125,0.93359375,0.9140625,-inf
6,91,0.890625,0.93359375,0.9140625,-inf
6,92,0.90625,0.9375,0.9140625,-inf
6,93,0.90625,0.9453125,0.921875,-inf
6,94,0.91015625,0.9453125,0.93359375,-inf
6,95,0.87890625,0.9375,0.91796875,-inf
6,96,0.90625,0.9609375,0.95703125,-inf
6,97,0.921875,0.9765625,0.9765625,-inf
6,98,0.92578125,0.984375,0.9765625,-inf
7,42,0.7265625,0.765625,0.7578125,0.56640625
7,43,0.78125,0.83203125,0.81640625,-inf
7,44,0.78515625,0.86328125,0.8359375,-inf
7,45,0.8359375,0.8671875,0.84375,-inf
7,46,0.82421875,0.8671875,0.859375,-inf
7,47,0.8359375,0.875,0.875,-inf
7,48,0.8125,0.87109375,0.86328125,-inf
7,49,0.8515625,0.8671875,0.8515625,-inf
7,50,0.81640625,0.8671875,0.85546875,-inf
7,51,0.8359375,0.85546875,0.83203125,-inf
7,52,0.8125,0.8515625,0.82421875,-inf
7,53,0.8203125,0.859375,0.828125,-inf
7,54,0.84765625,0.859375,0.8203125,-inf
7,55,0.828125,0.8671875,0.828125,-inf
7,56,0.84375,0.875,0.84375,-inf
7,57,0.86328125,0.87890625,0.84375,-inf
7,58,0.875,0.87890625,0.8515625,-inf
7,59,0.84765625,0.8828125,0.85546875,-inf
7,60,0.859375,0.890625,0.8671875,-inf
7,61,0.875,0.890625,0.875,-inf
7,62,0.859375,0.8984375,0.890625,-inf
7,63,0.875,0.90234375,0.890625,-inf
7,64,0.859375,0.90625,0.890625,-inf
7,65,0.87109375,0.8984375,0.890625,-inf
7,66,0.85546875,0.89453125,0.8828125,-inf
7,67,0.89453125,0.8984375,0.8828125,-inf
7,68,0.8671875,0.90625,0.89453125,-inf
7,69,0.87890625,0.8984375,0.88671875,-inf
7,70,0.890625,0.90234375,0.8828125,-inf
7,71,0.8671875,0.90625,0.88671875,-inf
7,72,0.87109375,0.90234375,0.8828125,-inf
7,73,0.859375,0.90625,0.88671875,-inf
7,74,0.875,0.9140625,0.890625,-inf
7,75,0.8828125,0.9140625,0.88671875,-inf
7,76,0.890625,0.90625,0.88671875,-inf
7,77,0.890625,0.9140625,0.89453125,-inf
7,78,0.875,0.9140625,0.90234375,-inf
7,79,0.875,0.91796875,0.8984375,-inf
7,80,0.88671875,0.921875,0.89453125,-inf
7,81,0.8828125,0.921875,0.8984375,-inf
7,82,0.875,0.921875,0.89453125,-inf
7,83,0.8671875,0.92578125,0.8984375,-inf
7,84,0.89453125,0.92578125,0.8984375,-inf
7,85,0.87890625,0.92578125,0.8984375,-inf
7,86,0.89453125,0.92578125,0.8984375,-inf
7,87,0.91015625,0.92578125,0.8984375,-inf
7,88,0.89453125,0.93359375,0.91015625,-inf
7,89,0.90234375,0.9375,0.9140625,-inf
7,90,0.8828125,0.93359375,0.9140625,-inf
7,91,0.87890625,0.93359375,0.91796875,-inf
7,92,0.89453125,0.9375,0.9140625,-inf
7,93,0.89453125,0.9453125,0.921875,-inf
7,94,0.90625,0.9453125,0.9296875,-inf
7,95,0.8828125,0.9375,0.921875,-inf
7,96,0.8984375,0.9609375,0.953125,-inf
7,97,0.90625,0.9765625,0.97265625,-inf
7,98,0.9140625,0.984375,0.97265625,-inf
8,43,0.7578125,0.78515625,0.7734375,0.27734375
8,44,0.78125,0.828125,0.8046875,0.453125
8,45,0.8125,0.8359375,0.8203125,0.37109375
8,46,0.81640625,0.84765625,0.8359375,0.26171875
8,47,0.81640625,0.84765625,0.84765625,0.2314453125
8,48,0.8046875,0.84765625,0.8515625,0.259765625
8,49,0.83203125,0.83984375,0.8359375,0.2470703125
8,50,0.796875,0.8359375,0.82421875,0.22265625
8,51,0.81640625,0.8125,0.78515625,-inf
8,52,0.796875,0.7890625,0.74609375,-inf
8,53,0.80078125,0.78125,0.73046875,-inf
8,54,0.81640625,0.78125,0.71875,-inf
8,55,0.8046875,0.78125,0.72265625,-inf
8,56,0.8203125,0.79296875,0.73828125,-inf
8,57,0.84375,0.8046875,0.74609375,-inf
8,58,0.85546875,0.80078125,0.75390625,-inf
8,59,0.83203125,0.81640625,0.7734375,-inf
8,60,0.83984375,0.828125,0.79296875,-inf
8,61,0.8515625,0.8359375,0.796875,-inf
8,62,0.84375,0.8515625,0.82421875,-inf
8,63,0.85546875,0.859375,0.83203125,-inf
8,64,0.84375,0.8671875,0.8359375,-inf
8,65,0.859375,0.86328125,0.83984375,-inf
8,66,0.84375,0.8671875,0.83984375,-inf
8,67,0.88671875,0.875,0.8359375,-inf
8,68,0.85546875,0.8828125,0.85546875,-inf
8,69,0.8671875,0.87890625,0.85546875,-inf
8,70,0.87890625,0.8828125,0.85546875,-inf
8,71,0.859375,0.8828125,0.859375,-inf
8,72,0.859375,0.8828125,0.859375,-inf
8,73,0.8515625,0.88671875,0.86328125,-inf
8,74,0.87109375,0.89453125,0.8671875,-inf
8,75,0.87109375,0.8984375,0.8671875,-inf
8,76,0.87890625,0.890625,0.86328125,-inf
8,77,0.8828125,0.8984375,0.87109375,-inf
8,78,0.8671875,0.8984375,0.8828125,-inf
8,79,0.86328125,0.90625,0.87890625,-inf
8,80,0.875,0.90625,0.87890625,-inf
8,81,0.87109375,0.91015625,0.87890625,-inf
8,82,0.8671875,0.91015625,0.875,-inf
8,83,0.859375,0.9140625,0.8828125,-inf
8,84,0.88671875,0.9140625,0.8828125,-inf
8,85,0.87109375,0.91015625,0.8828125,-inf
8,86,0.8828125,0.9140625,0.890625,-inf
8,87,0.90234375,0.9140625,0.88671875,-inf
8,88,0.8828125,0.921875,0.8984375,-inf
8,89,0.8984375,0.92578125,0.8984375,-inf
8,90,0.875,0.921875,0.90234375,-inf
8,91,0.87109375,0.921875,0.90625,-inf
8,92,0.8828125,0.9296875,0.90625,-inf
8,93,0.88671875,0.9375,0.9140625,-inf
8,94,0.8984375,0.9375,0.92578125,-inf
8,95,0.875,0.93359375,0.9140625,-inf
8,96,0.890625,0.95703125,0.94921875,-inf
8,97,0.8984375,0.97265625,0.97265625,-inf
8,98,0.90625,0.98046875,0.97265625,-inf
9,43,0.73828125,0.796875,0.8046875,0.6328125
9,45,0.76171875,0.7578125,0.72265625,0.9609375
9,46,0.78515625,0.80859375,0.7890625,0.6484375
9,47,0.78515625,0.8125,0.8203125,0.478515625
9,48,0.78515625,0.8203125,0.8125,0.62890625
9,49,0.8046875,0.8125,0.796875,0.57421875
9,50,0.78125,0.80859375,0.79296875,0.240234375
9,51,0.79296875,0.7734375,0.72265625,-inf
9,52,0.78515625,0.7578125,0.703125,-inf
9,53,0.78515625,0.72265625,0.6640625,-inf
9,54,0.80078125,0.734375,0.6640625,-inf
9,55,0.7890625,0.7421875,0.68359375,-inf
9,56,0.80859375,0.75390625,0.703125,-inf
9,57,0.828125,0.76953125,0.70703125,-inf
9,58,0.83984375,0.76953125,0.72265625,-inf
9,59,0.8203125,0.7890625,0.74609375,-inf
9,60,0.828125,0.80859375,0.76953125,-inf
9,61,0.83984375,0.81640625,0.78125,-inf
9,62,0.8359375,0.82421875,0.80078125,-inf
9,63,0.84375,0.83984375,0.8125,-inf
9,64,0.83203125,0.84765625,0.81640625,-inf
9,65,0.8515625,0.85546875,0.828125,-inf
9,66,0.8359375,0.85546875,0.83203125,-inf
9,67,0.87890625,0.8671875,0.83203125,-inf
9,68,0.84765625,0.875,0.84765625,-inf
9,69,0.859375,0.875,0.85546875,-inf
9,70,0.8671875,0.87890625,0.85546875,-inf
9,71,0.84765625,0.8828125,0.859375,-inf
9,72,0.85546875,0.8828125,0.859375,-inf
9,73,0.84375,0.8828125,0.86328125,-inf
9,74,0.8671875,0.890625,0.86328125,-inf
9,75,0.86328125,0.88671875,0.86328125,-inf
9,76,0.8671875,0.88671875,0.86328125,-inf
9,77,0.875,0.89453125,0.8671875,-inf
9,78,0.86328125,0.8984375,0.87890625,-inf
9,79,0.859375,0.90234375,0.87890625,-inf
9,80,0.86328125,0.90625,0.87890625,-inf
9,81,0.86328125,0.90625,0.87890625,-inf
9,82,0.85546875,0.90234375,0.875,-inf
9,83,0.85546875,0.90625,0.87890625,-inf
9,84,0.8828125,0.91015625,0.8828125,-inf
9,85,0.86328125,0.91015625,0.8828125,-inf
9,86,0.87890625,0.9140625,0.88671875,-inf
9,87,0.890625,0.9140625,0.88671875,-inf
9,88,0.875,0.921875,0.8984375,-inf
9,89,0.88671875,0.921875,0.8984375,-inf
9,90,0.87109375,0.91796875,0.8984375,-inf
9,91,0.8671875,0.921875,0.90625,-inf
9,92,0.875,0.9296875,0.90625,-inf
9,93,0.8828125,0.93359375,0.9140625,-inf
9,94,0.890625,0.93359375,0.921875,-inf
9,95,0.8671875,0.9296875,0.91015625,-inf
9,96,0.8828125,0.95703125,0.94921875,-inf
9,97,0.890625,0.97265625,0.97265625,-inf
9,98,0.8984375,0.98046875,0.97265625,-inf
10,43,0.71875,0.796875,0.80078125,0.671875
10,46,0.73828125,0.76953125,0.77734375,0.65625
10,47,0.7578125,0.7890625,0.80078125,0.435546875
10,48,0.76171875,0.80859375,0.7890625,0.63671875
10,49,0.78515625,0.80859375,0.78515625,0.55078125
10,50,0.76953125,0.80078125,0.78125,0.2197265625
10,51,0.77734375,0.7734375,0.71875,-inf
10,52,0.77734375,0.76953125,0.72265625,-inf
10,53,0.78125,0.7421875,0.6796875,-inf
10,54,0.796875,0.75,0.68359375,-inf
10,55,0.7890625,0.7578125,0.69921875,-inf
10,56,0.8046875,0.76953125,0.71484375,-inf
10,57,0.8125,0.77734375,0.71875,-inf
10,58,0.81640625,0.77734375,0.73046875,-inf
10,59,0.80859375,0.79296875,0.75390625,-inf
10,60,0.81640625,0.8046875,0.77734375,-inf
10,61,0.8359375,0.81640625,0.7890625,-inf
10,62,0.828125,0.81640625,0.796875,-inf
10,63,0.828125,0.8203125,0.80078125,-inf
10,64,0.8203125,0.828125,0.8046875,-inf
10,65,0.83984375,0.828125,0.80859375,-inf
10,66,0.828125,0.828125,0.8046875,-inf
10,67,0.84765625,0.8359375,0.8125,-inf
10,68,0.8359375,0.83984375,0.8203125,-inf
10,69,0.84375,0.83203125,0.81640625,-inf
10,70,0.84765625,0.83984375,0.81640625,-inf
10,71,0.828125,0.83984375,0.8203125,-inf
10,72,0.84765625,0.84375,0.828125,-inf
10,73,0.83203125,0.84375,0.8203125,-inf
10,74,0.84375,0.8515625,0.828125,-inf
10,75,0.8515625,0.84765625,0.82421875,-inf
10,76,0.84375,0.8515625,0.82421875,-inf
10,77,0.84375,0.85546875,0.828125,-inf
10,78,0.84765625,0.8515625,0.8359375,-inf
10,79,0.84375,0.859375,0.83203125,-inf
10,80,0.8515625,0.86328125,0.8359375,-inf
10,81,0.85546875,0.859375,0.8359375,-inf
10,82,0.8515625,0.859375,0.828125,-inf
10,83,0.83984375,0.86328125,0.83203125,-inf
10,84,0.86328125,0.8671875,0.82421875,-inf
10,85,0.84765625,0.8671875,0.83984375,-inf
10,86,0.8515625,0.8671875,0.8359375,-inf
10,87,0.8671875,0.87109375,0.83984375,-inf
10,88,0.86328125,0.87890625,0.8515625,-inf
10,89,0.859375,0.8828125,0.8515625,-inf
10,90,0.85546875,0.875,0.8515625,-inf
10,91,0.85546875,0.87890625,0.859375,-inf
10,92,0.86328125,0.8828125,0.8671875,-inf
10,93,0.8671875,0.890625,0.8671875,-inf
10,94,0.8671875,0.8984375,0.8828125,-inf
10,95,0.85546875,0.890625,0.875,-inf
10,96,0.875,0.9375,0.92578125,-inf
10,97,0.88671875,0.96875,0.96875,-inf
10,98,0.89453125,0.9765625,0.96875,-inf
11,46,0.71484375,0.74609375,0.765625,0.72265625
11,47,0.73828125,0.765625,0.76953125,0.486328125
11,48,0.75390625,0.796875,0.765625,0.68359375
11,49,0.76953125,0.7890625,0.765625,0.63671875
11,50,0.76171875,0.7890625,0.76953125,0.25
11,51,0.765625,0.765625,0.71484375,-inf
11,52,0.77734375,0.7890625,0.74609375,-inf
11,53,0.78515625,0.78125,0.72265625,-inf
11,54,0.79296875,0.78515625,0.72265625,-inf
11,55,0.79296875,0.7890625,0.73828125,-inf
11,56,0.8046875,0.7890625,0.73828125,-inf
11,57,0.80078125,0.79296875,0.73828125,-inf
11,58,0.80859375,0.79296875,0.74609375,-inf
11,59,0.80859375,0.80078125,0.7578125,-inf
11,60,0.8125,0.80078125,0.765625,-inf
11,61,0.83203125,0.80859375,0.77734375,-inf
11,62,0.82421875,0.80078125,0.78125,-inf
11,63,0.81640625,0.8125,0.78125,-inf
11,64,0.81640625,0.8125,0.78515625,-inf
11,65,0.8359375,0.81640625,0.78515625,-inf
11,66,0.8203125,0.8125,0.78125,-inf
11,67,0.8359375,0.8203125,0.78515625,-inf
11,68,0.82421875,0.8203125,0.79296875,-inf
11,69,0.83203125,0.82421875,0.79296875,-inf
11,70,0.8359375,0.828125,0.79296875,-inf
11,71,0.82421875,0.8203125,0.79296875,-inf
11,72,0.828125,0.8359375,0.80078125,-inf
11,73,0.828125,0.828125,0.796875,-inf
11,74,0.84375,0.8359375,0.80859375,-inf
11,75,0.84765625,0.83203125,0.80859375,-inf
11,76,0.83984375,0.82421875,0.80078125,-inf
11,77,0.83984375,0.84375,0.8046875,-inf
11,78,0.83203125,0.84375,0.8125,-inf
11,79,0.8359375,0.8515625,0.81640625,-inf
11,80,0.84375,0.85546875,0.82421875,-inf
11,81,0.83984375,0.84765625,0.81640625,-inf
11,82,0.85546875,0.84765625,0.80859375,-inf
11,83,0.84375,0.8515625,0.8125,-inf
11,84,0.84765625,0.859375,0.81640625,-inf
11,85,0.84375,0.859375,0.82421875,-inf
11,86,0.859375,0.86328125,0.83203125,-inf
11,87,0.86328125,0.8671875,0.83203125,-inf
11,88,0.86328125,0.875,0.83984375,-inf
11,89,0.8515625,0.875,0.84375,-inf
11,90,0.8515625,0.87890625,0.84765625,-inf
11,91,0.8515625,0.875,0.85546875,-inf
11,92,0.85546875,0.88671875,0.86328125,-inf
11,93,0.8671875,0.89453125,0.8671875,-inf
11,94,0.8671875,0.89453125,0.8828125,-inf
11,95,0.86328125,0.890625,0.87109375,-inf
11,96,0.875,0.94140625,0.9296875,-inf
11,97,0.88671875,0.96875,0.96875,-inf
11,98,0.890625,0.9765625,0.96875,-inf
12,47,0.71875,0.75,0.75390625,0.91015625
12,48,0.734375,0.80078125,0.765625,0.94140625
12,49,0.734375,0.8046875,0.80859375,0.79296875
12,50,0.75390625,0.796875,0.79296875,0.326171875
12,51,0.75,0.7734375,0.71875,-inf
12,52,0.77734375,0.8125,0.76953125,-inf
12,53,0.78125,0.8046875,0.7421875,-inf
12,54,0.7890625,0.80859375,0.74609375,-inf
12,55,0.79296875,0.80859375,0.76171875,-inf
12,56,0.80078125,0.8125,0.765625,-inf
12,57,0.80078125,0.8125,0.7578125,-inf
12,58,0.8046875,0.8125,0.765625,-inf
12,59,0.80859375,0.81640625,0.77734375,-inf
12,60,0.8046875,0.81640625,0.7890625,-inf
12,61,0.83203125,0.8203125,0.796875,-inf
12,62,0.8203125,0.8125,0.796875,-inf
12,63,0.8125,0.8203125,0.79296875,-inf
12,64,0.8125,0.8203125,0.796875,-inf
12,65,0.83203125,0.8203125,0.796875,-inf
12,66,0.81640625,0.8203125,0.79296875,-inf
12,67,0.83203125,0.82421875,0.79296875,-inf
12,68,0.8203125,0.828125,0.8046875,-inf
12,69,0.828125,0.82421875,0.8046875,-inf
12,70,0.83203125,0.828125,0.80078125,-inf
12,71,0.8203125,0.82421875,0.8046875,-inf
12,72,0.82421875,0.83203125,0.8046875,-inf
12,73,0.82421875,0.828125,0.8046875,-inf
12,74,0.83984375,0.8359375,0.80859375,-inf
12,75,0.83984375,0.828125,0.8125,-inf
12,76,0.83203125,0.81640625,0.80078125,-inf
12,77,0.8359375,0.8359375,0.80859375,-inf
12,78,0.83984375,0.8359375,0.81640625,-inf
12,79,0.83203125,0.84375,0.8125,-inf
12,80,0.83984375,0.84765625,0.8203125,-inf
12,81,0.83203125,0.83984375,0.8125,-inf
12,82,0.8515625,0.84375,0.80859375,-inf
12,83,0.83984375,0.83984375,0.80859375,-inf
12,84,0.84375,0.8515625,0.81640625,-inf
12,85,0.83984375,0.85546875,0.8203125,-inf
12,86,0.8515625,0.8515625,0.8203125,-inf
12,87,0.85546875,0.85546875,0.82421875,-inf
12,88,0.859375,0.859375,0.83203125,-inf
12,89,0.84765625,0.8671875,0.83984375,-inf
12,90,0.84765625,0.87109375,0.84765625,-inf
12,91,0.84765625,0.8671875,0.84765625,-inf
12,92,0.8515625,0.875,0.85546875,-inf
12,93,0.859375,0.8828125,0.859375,-inf
12,94,0.86328125,0.890625,0.8828125,-inf
12,95,0.859375,0.8828125,0.86328125,-inf
12,96,0.87109375,0.93359375,0.91796875,-inf
12,97,0.87890625,0.96875,0.96484375,-inf
12,98,0.88671875,0.9765625,0.96875,-inf
13,47,0.6875,0.71875,0.72265625,1.0
13,49,0.7109375,0.7734375,0.7890625,0.890625
13,50,0.7421875,0.7890625,0.79296875,0.318359375
13,51,0.75,0.765625,0.70703125,-inf
13,52,0.765625,0.8125,0.77734375,-inf
13,53,0.7734375,0.80078125,0.73828125,-inf
13,54,0.77734375,0.8046875,0.74609375,-inf
13,55,0.78515625,0.8046875,0.765625,-inf
13,56,0.796875,0.8125,0.7734375,-inf
13,57,0.78515625,0.81640625,0.76953125,-inf
13,58,0.8046875,0.8125,0.77734375,-inf
13,59,0.80078125,0.8203125,0.7890625,-inf
13,60,0.796875,0.8203125,0.796875,-inf
13,61,0.82421875,0.8203125,0.8046875,-inf
13,62,0.81640625,0.82421875,0.8125,-inf
13,63,0.8046875,0.828125,0.80859375,-inf
13,64,0.8046875,0.83203125,0.8125,-inf
13,65,0.828125,0.83203125,0.8125,-inf
13,66,0.80859375,0.828125,0.8125,-inf
13,67,0.82421875,0.83203125,0.80859375,-inf
13,68,0.81640625,0.8359375,0.8203125,-inf
13,69,0.82421875,0.83984375,0.82421875,-inf
13,70,0.82421875,0.84375,0.8203125,-inf
13,71,0.81640625,0.84375,0.828125,-inf
13,72,0.83984375,0.83984375,0.828125,-inf
13,73,0.8203125,0.8515625,0.828125,-inf
13,74,0.8359375,0.8515625,0.83203125,-inf
13,75,0.83984375,0.85546875,0.83984375,-inf
13,76,0.83203125,0.8515625,0.8359375,-inf
13,77,0.8359375,0.859375,0.83203125,-inf
13,78,0.828125,0.859375,0.8359375,-inf
13,79,0.828125,0.86328125,0.8359375,-inf
13,80,0.8359375,0.8671875,0.83984375,-inf
13,81,0.828125,0.8671875,0.8359375,-inf
13,82,0.84375,0.86328125,0.828125,-inf
13,83,0.84375,0.87109375,0.8359375,-inf
13,84,0.8359375,0.875,0.8359375,-inf
13,85,0.8359375,0.87109375,0.8359375,-inf
13,86,0.84765625,0.8671875,0.8359375,-inf
13,87,0.8515625,0.875,0.83984375,-inf
13,88,0.84765625,0.8828125,0.85546875,-inf
13,89,0.8515625,0.88671875,0.85546875,-inf
13,90,0.84765625,0.88671875,0.85546875,-inf
13,91,0.84375,0.8828125,0.86328125,-inf
13,92,0.84765625,0.890625,0.8671875,-inf
13,93,0.859375,0.90234375,0.87109375,-inf
13,94,0.859375,0.90625,0.890625,-inf
13,95,0.85546875,0.89453125,0.87109375,-inf
13,96,0.8671875,0.94140625,0.9296875,-inf
13,97,0.87890625,0.96875,0.96875,-inf
13,98,0.8828125,0.9765625,0.96875,-inf
14,49,0.6953125,0.75390625,0.78125,0.8828125
14,50,0.73046875,0.77734375,0.78515625,0.30859375
14,51,0.7421875,0.76171875,0.703125,-inf
14,52,0.75390625,0.8046875,0.7734375,-inf
14,53,0.765625,0.7890625,0.734375,-inf
14,54,0.76171875,0.79296875,0.74609375,-inf
14,55,0.7734375,0.79296875,0.7578125,-inf
14,56,0.78125,0.8046875,0.765625,-inf
14,57,0.78125,0.8125,0.76953125,-inf
14,58,0.79296875,0.8046875,0.7734375,-inf
14,59,0.79296875,0.80859375,0.78125,-inf
14,60,0.78515625,0.80859375,0.7890625,-inf
14,61,0.8125,0.8125,0.80078125,-inf
14,62,0.80859375,0.81640625,0.8125,-inf
14,63,0.79296875,0.8203125,0.80859375,-inf
14,64,0.80078125,0.828125,0.8125,-inf
14,65,0.8203125,0.82421875,0.8125,-inf
14,66,0.80078125,0.8203125,0.80859375,-inf
14,67,0.8125,0.828125,0.80859375,-inf
14,68,0.8203125,0.83203125,0.82421875,-inf
14,69,0.8203125,0.83203125,0.828125,-inf
14,70,0.81640625,0.84375,0.828125,-inf
14,71,0.80859375,0.8359375,0.83203125,-inf
14,72,0.81640625,0.84765625,0.83203125,-inf
14,73,0.81640625,0.8515625,0.83203125,-inf
14,74,0.8359375,0.84375,0.828125,-inf
14,75,0.83203125,0.8515625,0.83984375,-inf
14,76,0.828125,0.84765625,0.83203125,-inf
14,77,0.81640625,0.859375,0.8359375,-inf
14,78,0.83203125,0.85546875,0.84375,-inf
14,79,0.81640625,0.86328125,0.83984375,-inf
14,80,0.82421875,0.86328125,0.83984375,-inf
14,81,0.83203125,0.8671875,0.83984375,-inf
14,82,0.8359375,0.859375,0.83203125,-inf
14,83,0.8359375,0.8671875,0.8359375,-inf
14,84,0.828125,0.8671875,0.83984375,-inf
14,85,0.84765625,0.87109375,0.84375,-inf
14,86,0.8359375,0.875,0.83984375,-inf
14,87,0.83203125,0.87890625,0.84765625,-inf
14,88,0.83984375,0.88671875,0.859375,-inf
14,89,0.85546875,0.87890625,0.84765625,-inf
14,90,0.83203125,0.88671875,0.85546875,-inf
14,91,0.84765625,0.8828125,0.86328125,-inf
14,92,0.8359375,0.890625,0.86328125,-inf
14,93,0.8515625,0.90234375,0.875,-inf
14,94,0.84765625,0.90625,0.88671875,-inf
14,95,0.83984375,0.8984375,0.875,-inf
14,96,0.86328125,0.9453125,0.93359375,-inf
14,97,0.87109375,0.96875,0.96875,-inf
14,98,0.87890625,0.9765625,0.96875,-inf
15,50,0.703125,0.76953125,0.78125,0.333984375
15,51,0.7109375,0.734375,0.68359375,-inf
15,52,0.73046875,0.77734375,0.73828125,-inf
15,53,0.734375,0.7578125,0.68359375,-inf
15,54,0.73046875,0.7734375,0.703125,-inf
15,55,0.7421875,0.7734375,0.72265625,-inf
15,56,0.7578125,0.78125,0.7421875,-inf
15,57,0.75390625,0.796875,0.75,-inf
15,58,0.765625,0.7890625,0.75,-inf
15,59,0.7734375,0.796875,0.76171875,-inf
15,60,0.76171875,0.80078125,0.76953125,-inf
15,61,0.78515625,0.80078125,0.77734375,-inf
15,62,0.78515625,0.8046875,0.78515625,-inf
15,63,0.7734375,0.80859375,0.78125,-inf
15,64,0.77734375,0.8125,0.7890625,-inf
15,65,0.80078125,0.8125,0.79296875,-inf
15,66,0.77734375,0.80859375,0.78515625,-inf
15,67,0.79296875,0.81640625,0.78515625,-inf
15,68,0.80078125,0.82421875,0.8046875,-inf
15,69,0.796875,0.8203125,0.81640625,-inf
15,70,0.796875,0.8359375,0.81640625,-inf
15,71,0.79296875,0.828125,0.82421875,-inf
15,72,0.796875,0.84375,0.8203125,-inf
15,73,0.79296875,0.84375,0.828125,-inf
15,74,0.81640625,0.83984375,0.82421875,-inf
15,75,0.8125,0.84765625,0.8359375,-inf
15,76,0.8125,0.84375,0.82421875,-inf
15,77,0.79296875,0.85546875,0.828125,-inf
15,78,0.81640625,0.85546875,0.83984375,-inf
15,79,0.80078125,0.859375,0.8359375,-inf
15,80,0.8046875,0.859375,0.8359375,-inf
15,81,0.80078125,0.859375,0.8359375,-inf
15,82,0.8203125,0.85546875,0.828125,-inf
15,83,0.8203125,0.86328125,0.828125,-inf
15,84,0.8125,0.8671875,0.8359375,-inf
15,85,0.828125,0.87109375,0.83984375,-inf
15,86,0.8125,0.875,0.83984375,-inf
15,87,0.81640625,0.875,0.84375,-inf
15,88,0.82421875,0.8828125,0.85546875,-inf
15,89,0.83984375,0.875,0.84375,-inf
15,90,0.81640625,0.8828125,0.8515625,-inf
15,91,0.83203125,0.8828125,0.859375,-inf
15,92,0.8203125,0.8828125,0.85546875,-inf
15,93,0.8359375,0.8984375,0.87109375,-inf
15,94,0.83203125,0.90625,0.88671875,-inf
15,95,0.828125,0.8984375,0.875,-inf
15,96,0.84375,0.94140625,0.9296875,-inf
15,97,0.85546875,0.96875,0.96875,-inf
15,98,0.86328125,0.97265625,0.96484375,-inf
16,51,0.68359375,0.69921875,0.67578125,0.169921875
16,52,0.69140625,0.71484375,0.66796875,0.1484375
16,53,0.703125,0.69921875,0.59375,0.07275390625
16,54,0.7109375,0.7109375,0.63671875,0.072265625
16,55,0.734375,0.72265625,0.65625,0.0830078125
16,56,0.7265625,0.7265625,0.671875,0.07275390625
16,57,0.7265625,0.734375,0.6796875,0.0830078125
16,58,0.75,0.734375,0.68359375,0.07666015625
16,59,0.74609375,0.75,0.69921875,-inf
16,60,0.74609375,0.75,0.703125,-inf
16,61,0.7734375,0.76171875,0.71875,-inf
16,62,0.7578125,0.765625,0.7265625,-inf
16,63,0.7578125,0.7734375,0.73046875,-inf
16,64,0.76953125,0.7890625,0.7421875,-inf
16,65,0.78515625,0.79296875,0.7578125,-inf
16,66,0.765625,0.7890625,0.7578125,-inf
16,67,0.7890625,0.80078125,0.7578125,-inf
16,68,0.77734375,0.80859375,0.77734375,-inf
16,69,0.78515625,0.8203125,0.78515625,-inf
16,70,0.7890625,0.828125,0.79296875,-inf
16,71,0.78125,0.8203125,0.796875,-inf
16,72,0.78515625,0.8359375,0.8046875,-inf
16,73,0.78515625,0.8359375,0.8125,-inf
16,74,0.81640625,0.8359375,0.8125,-inf
16,75,0.8046875,0.83984375,0.828125,-inf
16,76,0.8046875,0.84765625,0.82421875,-inf
16,77,0.77734375,0.84765625,0.82421875,-inf
16,78,0.8125,0.84375,0.83203125,-inf
16,79,0.79296875,0.85546875,0.828125,-inf
16,80,0.796875,0.8515625,0.82421875,-inf
16,81,0.796875,0.8515625,0.82421875,-inf
16,82,0.796875,0.85546875,0.828125,-inf
16,83,0.8125,0.859375,0.81640625,-inf
16,84,0.8046875,0.85546875,0.81640625,-inf
16,85,0.8203125,0.86328125,0.828125,-inf
16,86,0.81640625,0.859375,0.8203125,-inf
16,87,0.81640625,0.85546875,0.82421875,-inf
16,88,0.80859375,0.875,0.8359375,-inf
16,89,0.83203125,0.86328125,0.828125,-inf
16,90,0.8125,0.87890625,0.84765625,-inf
16,91,0.8203125,0.875,0.85546875,-inf
16,92,0.81640625,0.8828125,0.8515625,-inf
16,93,0.828125,0.89453125,0.8671875,-inf
16,94,0.83203125,0.8984375,0.875,-inf
16,95,0.81640625,0.890625,0.8671875,-inf
16,96,0.83984375,0.93359375,0.921875,-inf
16,97,0.8515625,0.9609375,0.9609375,-inf
16,98,0.859375,0.96875,0.9609375,-inf
17,52,0.67578125,0.66015625,0.58203125,0.515625
17,53,0.67578125,0.625,0.5078125,0.0849609375
17,54,0.69921875,0.65625,0.56640625,0.1904296875
17,55,0.69921875,0.6640625,0.57421875,0.189453125
17,56,0.69921875,0.6640625,0.5703125,0.1455078125
17,57,0.69140625,0.6640625,0.5703125,0.1650390625
17,58,0.7265625,0.671875,0.59375,0.1650390625
17,59,0.7109375,0.68359375,0.609375,-inf
17,60,0.7109375,0.67578125,0.609375,-inf
17,61,0.734375,0.6875,0.625,-inf
17,62,0.7109375,0.6953125,0.63671875,-inf
17,63,0.73046875,0.70703125,0.640625,-inf
17,64,0.73828125,0.7265625,0.66015625,-inf
17,65,0.734375,0.74609375,0.671875,-inf
17,66,0.73828125,0.7421875,0.6796875,-inf
17,67,0.765625,0.76171875,0.6953125,-inf
17,68,0.75,0.76171875,0.703125,-inf
17,69,0.765625,0.78125,0.71875,-inf
17,70,0.76171875,0.80078125,0.734375,-inf
17,71,0.765625,0.7890625,0.7421875,-inf
17,72,0.76953125,0.8125,0.7578125,-inf
17,73,0.76953125,0.8125,0.7578125,-inf
17,74,0.8046875,0.81640625,0.76953125,-inf
17,75,0.7890625,0.81640625,0.78125,-inf
17,76,0.78515625,0.82421875,0.78515625,-inf
17,77,0.7734375,0.8359375,0.7890625,-inf
17,78,0.79296875,0.8359375,0.79296875,-inf
17,79,0.78515625,0.8359375,0.79296875,-inf
17,80,0.78125,0.83984375,0.7890625,-inf
17,81,0.78125,0.83984375,0.79296875,-inf
17,82,0.78515625,0.84375,0.796875,-inf
17,83,0.80859375,0.84375,0.78515625,-inf
17,84,0.79296875,0.8515625,0.796875,-inf
17,85,0.8125,0.8515625,0.80078125,-inf
17,86,0.80078125,0.8515625,0.796875,-inf
17,87,0.80078125,0.8515625,0.80078125,-inf
17,88,0.81640625,0.85546875,0.796875,-inf
17,89,0.8046875,0.8671875,0.8125,-inf
17,90,0.79296875,0.8671875,0.8203125,-inf
17,91,0.80859375,0.87109375,0.83203125,-inf
17,92,0.80859375,0.875,0.8359375,-inf
17,93,0.8203125,0.890625,0.8515625,-inf
17,94,0.82421875,0.89453125,0.8671875,-inf
17,95,0.80859375,0.88671875,0.8515625,-inf
17,96,0.828125,0.9296875,0.91015625,-inf
17,97,0.83984375,0.9609375,0.95703125,-inf
17,98,0.8515625,0.96875,0.9609375,-inf
18,53,0.65234375,0.60546875,0.5,0.1650390625
18,54,0.6640625,0.6328125,0.578125,0.15625
18,55,0.671875,0.64453125,0.56640625,0.205078125
18,56,0.67578125,0.65234375,0.5703125,0.1494140625
18,57,0.671875,0.6640625,0.57421875,0.1318359375
18,58,0.703125,0.671875,0.59765625,0.193359375
18,59,0.6953125,0.68359375,0.62109375,-inf
18,60,0.6953125,0.6796875,0.625,-inf
18,61,0.71875,0.6875,0.62890625,-inf
18,62,0.69921875,0.69140625,0.640625,-inf
18,63,0.71875,0.69921875,0.63671875,-inf
18,64,0.71875,0.71484375,0.65625,-inf
18,65,0.72265625,0.7265625,0.66796875,-inf
18,66,0.72265625,0.7421875,0.68359375,-inf
18,67,0.75390625,0.75,0.69140625,-inf
18,68,0.73828125,0.75,0.69921875,-inf
18,69,0.75,0.7734375,0.7109375,-inf
18,70,0.75390625,0.78515625,0.7265625,-inf
18,71,0.75390625,0.7734375,0.734375,-inf
18,72,0.7578125,0.80078125,0.75,-inf
18,73,0.7578125,0.8046875,0.75390625,-inf
18,74,0.79296875,0.8046875,0.765625,-inf
18,75,0.77734375,0.8125,0.7734375,-inf
18,76,0.77734375,0.8203125,0.78125,-inf
18,77,0.76171875,0.83203125,0.78515625,-inf
18,78,0.77734375,0.828125,0.79296875,-inf
18,79,0.7734375,0.83984375,0.796875,-inf
18,80,0.7734375,0.8359375,0.79296875,-inf
18,81,0.7734375,0.83984375,0.796875,-inf
18,82,0.78515625,0.8359375,0.796875,-inf
18,83,0.80078125,0.8359375,0.79296875,-inf
18,84,0.78515625,0.8515625,0.8046875,-inf
18,85,0.8046875,0.85546875,0.80859375,-inf
18,86,0.796875,0.859375,0.80078125,-inf
18,87,0.79296875,0.85546875,0.8046875,-inf
18,88,0.8046875,0.85546875,0.80078125,-inf
18,89,0.8046875,0.859375,0.8046875,-inf
18,90,0.7890625,0.87109375,0.82421875,-inf
18,91,0.796875,0.87109375,0.828125,-inf
18,92,0.79296875,0.875,0.83203125,-inf
18,93,0.8125,0.88671875,0.84765625,-inf
18,94,0.8203125,0.8828125,0.8515625,-inf
18,95,0.80859375,0.8828125,0.8359375,-inf
18,96,0.82421875,0.92578125,0.90625,-inf
18,97,0.83203125,0.95703125,0.953125,-inf
18,98,0.84375,0.96484375,0.953125,-inf
19,53,0.625,0.64453125,0.5546875,0.10205078125
19,54,0.640625,0.63671875,0.57421875,0.10986328125
19,56,0.62890625,0.62109375,0.546875,0.4453125
19,57,0.65625,0.6484375,0.5234375,0.2275390625
19,58,0.65625,0.6484375,0.57421875,0.462890625
19,59,0.671875,0.65234375,0.57421875,-inf
19,60,0.6640625,0.640625,0.5625,-inf
19,61,0.69140625,0.640625,0.55859375,-inf
19,62,0.671875,0.640625,0.56640625,-inf
19,63,0.68359375,0.65625,0.578125,-inf
19,64,0.6875,0.671875,0.6015625,-inf
19,65,0.6875,0.6796875,0.6171875,-inf
19,66,0.69140625,0.703125,0.62890625,-inf
19,67,0.73046875,0.7109375,0.6484375,-inf
19,68,0.71875,0.71875,0.6640625,-inf
19,69,0.734375,0.75,0.6875,-inf
19,70,0.7421875,0.77734375,0.71875,-inf
19,71,0.7421875,0.765625,0.72265625,-inf
19,72,0.74609375,0.79296875,0.73828125,-inf
19,73,0.7421875,0.79296875,0.74609375,-inf
19,74,0.77734375,0.7890625,0.75390625,-inf
19,75,0.765625,0.80078125,0.76953125,-inf
19,76,0.76953125,0.8125,0.78125,-inf
19,77,0.75,0.828125,0.78515625,-inf
19,78,0.76953125,0.828125,0.79296875,-inf
19,79,0.765625,0.8359375,0.796875,-inf
19,80,0.7578125,0.828125,0.79296875,-inf
19,81,0.76171875,0.8359375,0.80078125,-inf
19,82,0.77734375,0.8359375,0.8046875,-inf
19,83,0.7890625,0.8359375,0.796875,-inf
19,84,0.7734375,0.8515625,0.80859375,-inf
19,85,0.796875,0.8515625,0.80859375,-inf
19,86,0.78125,0.85546875,0.8046875,-inf
19,87,0.78515625,0.8515625,0.8046875,-inf
19,88,0.796875,0.85546875,0.80078125,-inf
19,89,0.796875,0.859375,0.8125,-inf
19,90,0.78515625,0.875,0.83203125,-inf
19,91,0.7890625,0.87109375,0.8359375,-inf
19,92,0.78515625,0.875,0.83984375,-inf
19,93,0.8046875,0.88671875,0.8515625,-inf
19,94,0.8046875,0.8984375,0.8671875,-inf
19,95,0.8046875,0.8828125,0.83984375,-inf
19,96,0.81640625,0.9296875,0.9140625,-inf
19,97,0.82421875,0.95703125,0.94921875,-inf
19,98,0.8359375,0.96484375,0.953125,-inf
20,53,0.62109375,0.62109375,0.515625,0.10595703125
20,54,0.6328125,0.625,0.5546875,0.1513671875
20,56,0.625,0.6328125,0.5390625,0.4140625
20,57,0.65234375,0.64453125,0.51953125,0.1318359375
20,59,0.625,0.62109375,0.515625,-inf
20,60,0.65625,0.6328125,0.5078125,-inf
20,61,0.6640625,0.62109375,0.51171875,-inf
20,62,0.66796875,0.62109375,0.53515625,-inf
20,63,0.6640625,0.65625,0.5625,-inf
20,64,0.66796875,0.67578125,0.59765625,-inf
20,65,0.6796875,0.6953125,0.625,-inf
20,66,0.69140625,0.7265625,0.65625,-inf
20,67,0.72265625,0.7421875,0.68359375,-inf
20,68,0.71875,0.73828125,0.6953125,-inf
20,69,0.73046875,0.76953125,0.7109375,-inf
20,70,0.7265625,0.7890625,0.7265625,-inf
20,71,0.73828125,0.77734375,0.73828125,-inf
20,72,0.73828125,0.80078125,0.75,-inf
20,73,0.73828125,0.80078125,0.7578125,-inf
20,74,0.7734375,0.8046875,0.765625,-inf
20,75,0.76171875,0.8125,0.78515625,-inf
20,76,0.765625,0.8203125,0.7890625,-inf
20,77,0.75,0.8359375,0.79296875,-inf
20,78,0.765625,0.828125,0.79296875,-inf
20,79,0.76171875,0.8359375,0.796875,-inf
20,80,0.75390625,0.8359375,0.79296875,-inf
20,81,0.7578125,0.8359375,0.796875,-inf
20,82,0.7734375,0.83984375,0.8046875,-inf
20,83,0.78125,0.84375,0.80078125,-inf
20,84,0.7734375,0.8515625,0.8046875,-inf
20,85,0.7890625,0.8515625,0.8046875,-inf
20,86,0.76953125,0.8515625,0.796875,-inf
20,87,0.77734375,0.8515625,0.8046875,-inf
20,88,0.79296875,0.8515625,0.79296875,-inf
20,89,0.796875,0.85546875,0.80078125,-inf
20,90,0.77734375,0.86328125,0.81640625,-inf
20,91,0.78125,0.8671875,0.8203125,-inf
20,92,0.77734375,0.8671875,0.82421875,-inf
20,93,0.80078125,0.875,0.8359375,-inf
20,94,0.79296875,0.890625,0.8515625,-inf
20,95,0.7890625,0.875,0.828125,-inf
20,96,0.8125,0.9296875,0.91015625,-inf
20,97,0.81640625,0.953125,0.94921875,-inf
20,98,0.83203125,0.96484375,0.94921875,-inf
21,53,0.609375,0.6015625,0.4921875,0.14453125
21,54,0.62109375,0.60546875,0.53125,0.12451171875
21,57,0.6328125,0.6171875,0.498046875,0.2060546875
21,59,0.60546875,0.5625,0.451171875,-inf
21,60,0.6328125,0.56640625,0.431640625,-inf
21,61,0.640625,0.578125,0.4453125,-inf
21,62,0.65234375,0.58203125,0.490234375,-inf
21,63,0.64453125,0.625,0.53515625,-inf
21,64,0.65625,0.6484375,0.55859375,-inf
21,65,0.66796875,0.66796875,0.59375,-inf
21,66,0.6796875,0.7109375,0.63671875,-inf
21,67,0.7109375,0.734375,0.671875,-inf
21,68,0.7109375,0.734375,0.69140625,-inf
21,69,0.72265625,0.765625,0.7109375,-inf
21,70,0.71875,0.78515625,0.73046875,-inf
21,71,0.734375,0.78125,0.74609375,-inf
21,72,0.734375,0.8046875,0.7578125,-inf
21,73,0.734375,0.8046875,0.765625,-inf
21,74,0.765625,0.8046875,0.77734375,-inf
21,75,0.7578125,0.8125,0.79296875,-inf
21,76,0.76171875,0.82421875,0.796875,-inf
21,77,0.74609375,0.8359375,0.80078125,-inf
21,78,0.765625,0.83203125,0.8046875,-inf
21,79,0.7578125,0.84375,0.80859375,-inf
21,80,0.75,0.83984375,0.8046875,-inf
21,81,0.75,0.83984375,0.80859375,-inf
21,82,0.76953125,0.83984375,0.81640625,-inf
21,83,0.7734375,0.84765625,0.8125,-inf
21,84,0.7734375,0.84765625,0.80859375,-inf
21,85,0.78515625,0.84375,0.8125,-inf
21,86,0.7578125,0.8515625,0.80859375,-inf
21,87,0.7734375,0.8515625,0.8125,-inf
21,88,0.7734375,0.859375,0.828125,-inf
21,89,0.796875,0.8515625,0.8046875,-inf
21,90,0.7890625,0.859375,0.8203125,-inf
21,91,0.78125,0.86328125,0.83203125,-inf
21,92,0.7734375,0.86328125,0.828125,-inf
21,93,0.796875,0.8828125,0.84765625,-inf
21,94,0.79296875,0.890625,0.8671875,-inf
21,95,0.76953125,0.8828125,0.84375,-inf
21,96,0.8125,0.9296875,0.91796875,-inf
21,97,0.8125,0.953125,0.94921875,-inf
21,98,0.828125,0.96484375,0.953125,-inf
22,53,0.58984375,0.59765625,0.48828125,0.1123046875
22,54,0.58984375,0.59375,0.515625,0.11767578125
22,59,0.58984375,0.578125,0.482421875,-inf
22,60,0.60546875,0.578125,0.46484375,-inf
22,61,0.625,0.59375,0.48046875,-inf
22,62,0.640625,0.59375,0.515625,-inf
22,63,0.625,0.609375,0.5390625,-inf
22,64,0.64453125,0.64453125,0.578125,-inf
22,65,0.66015625,0.6640625,0.60546875,-inf
22,66,0.6796875,0.69921875,0.6484375,-inf
22,67,0.6875,0.7265625,0.6796875,-inf
22,68,0.7109375,0.73046875,0.69921875,-inf
22,69,0.71484375,0.765625,0.72265625,-inf
22,70,0.70703125,0.7734375,0.73046875,-inf
22,71,0.72265625,0.77734375,0.74609375,-inf
22,72,0.70703125,0.80078125,0.765625,-inf
22,73,0.7265625,0.796875,0.76953125,-inf
22,74,0.76171875,0.796875,0.7734375,-inf
22,75,0.75390625,0.8046875,0.79296875,-inf
22,76,0.7421875,0.8203125,0.79296875,-inf
22,77,0.72265625,0.82421875,0.796875,-inf
22,78,0.76171875,0.8203125,0.80859375,-inf
22,79,0.74609375,0.8359375,0.8046875,-inf
22,80,0.734375,0.8359375,0.80859375,-inf
22,81,0.76953125,0.8203125,0.80078125,-inf
22,82,0.75390625,0.83203125,0.8125,-inf
22,83,0.765625,0.8359375,0.80859375,-inf
22,84,0.765625,0.84375,0.8125,-inf
22,85,0.7734375,0.8359375,0.8046875,-inf
22,86,0.765625,0.8359375,0.8046875,-inf
22,87,0.76171875,0.83984375,0.8125,-inf
22,88,0.765625,0.84765625,0.8203125,-inf
22,89,0.76171875,0.8515625,0.81640625,-inf
22,90,0.79296875,0.8515625,0.82421875,-inf
22,91,0.75390625,0.85546875,0.82421875,-inf
22,92,0.7734375,0.8671875,0.83984375,-inf
22,93,0.78125,0.87109375,0.84375,-inf
22,94,0.7734375,0.8828125,0.86328125,-inf
22,95,0.78515625,0.87890625,0.84765625,-inf
22,96,0.8046875,0.92578125,0.91015625,-inf
22,97,0.8046875,0.953125,0.94921875,-inf
22,98,0.82421875,0.96484375,0.953125,-inf
23,53,0.5703125,0.59765625,0.466796875,0.30859375
23,59,0.58203125,0.5703125,0.474609375,-inf
23,60,0.59765625,0.578125,0.447265625,-inf
23,61,0.61328125,0.5703125,0.43359375,-inf
23,62,0.62890625,0.5859375,0.482421875,-inf
23,63,0.62109375,0.625,0.55078125,-inf
23,64,0.64453125,0.66015625,0.59375,-inf
23,65,0.66015625,0.671875,0.62109375,-inf
23,66,0.671875,0.71875,0.671875,-inf
23,67,0.68359375,0.73828125,0.69921875,-inf
23,68,0.70703125,0.73046875,0.70703125,-inf
23,69,0.7109375,0.76171875,0.71875,-inf
23,70,0.70703125,0.7734375,0.7265625,-inf
23,71,0.72265625,0.76953125,0.7421875,-inf
23,72,0.703125,0.7890625,0.75390625,-inf
23,73,0.72265625,0.79296875,0.76171875,-inf
23,74,0.75390625,0.7890625,0.765625,-inf
23,75,0.74609375,0.79296875,0.78125,-inf
23,76,0.73828125,0.8046875,0.78125,-inf
23,77,0.72265625,0.8125,0.78515625,-inf
23,78,0.7578125,0.8125,0.7890625,-inf
23,79,0.734375,0.82421875,0.7890625,-inf
23,80,0.72265625,0.8203125,0.7890625,-inf
23,81,0.765625,0.8125,0.77734375,-inf
23,82,0.75,0.8203125,0.796875,-inf
23,83,0.7578125,0.82421875,0.7890625,-inf
23,84,0.76171875,0.828125,0.7890625,-inf
23,85,0.76953125,0.8125,0.78125,-inf
23,86,0.7578125,0.828125,0.78515625,-inf
23,87,0.75390625,0.8203125,0.7890625,-inf
23,88,0.7578125,0.828125,0.796875,-inf
23,89,0.75390625,0.8359375,0.7890625,-inf
23,90,0.78515625,0.83203125,0.79296875,-inf
23,91,0.74609375,0.8359375,0.80078125,-inf
23,92,0.765625,0.84765625,0.8125,-inf
23,93,0.76953125,0.859375,0.8203125,-inf
23,94,0.76953125,0.8671875,0.83984375,-inf
23,95,0.78125,0.859375,0.82421875,-inf
23,96,0.80078125,0.91796875,0.8984375,-inf
23,97,0.80078125,0.94921875,0.9453125,-inf
23,98,0.8203125,0.96484375,0.94921875,-inf
24,59,0.57421875,0.57421875,0.484375,0.90234375
24,60,0.58984375,0.5859375,0.466796875,0.3984375
24,61,0.60546875,0.5703125,0.43359375,0.08740234375
24,62,0.6171875,0.5859375,0.486328125,0.1875
24,63,0.61328125,0.63671875,0.5625,0.205078125
24,64,0.6328125,0.6640625,0.59765625,0.0859375
24,65,0.65625,0.6796875,0.625,0.083984375
24,66,0.66015625,0.72265625,0.67578125,0.07763671875
24,67,0.67578125,0.7421875,0.69921875,-inf
24,68,0.703125,0.734375,0.70703125,-inf
24,69,0.703125,0.765625,0.72265625,-inf
24,70,0.703125,0.7734375,0.73046875,-inf
24,71,0.71875,0.765625,0.75,-inf
24,72,0.703125,0.796875,0.7578125,-inf
24,73,0.703125,0.796875,0.765625,-inf
24,74,0.74609375,0.796875,0.76953125,-inf
24,75,0.734375,0.80078125,0.78515625,-inf
24,76,0.7421875,0.80859375,0.7890625,-inf
24,77,0.69921875,0.8125,0.78125,-inf
24,78,0.7578125,0.8125,0.79296875,-inf
24,79,0.7265625,0.82421875,0.78515625,-inf
24,80,0.7421875,0.8046875,0.7734375,-inf
24,81,0.74609375,0.8203125,0.7890625,-inf
24,82,0.75,0.8203125,0.78125,-inf
24,83,0.7265625,0.8203125,0.7734375,-inf
24,84,0.72265625,0.8203125,0.77734375,-inf
24,85,0.7421875,0.81640625,0.77734375,-inf
24,86,0.7578125,0.82421875,0.7734375,-inf
24,87,0.74609375,0.82421875,0.78515625,-inf
24,88,0.765625,0.8125,0.77734375,-inf
24,89,0.7734375,0.8203125,0.76953125,-inf
24,90,0.75390625,0.828125,0.78125,-inf
24,91,0.7578125,0.828125,0.7890625,-inf
24,92,0.734375,0.8359375,0.796875,-inf
24,93,0.76171875,0.8515625,0.81640625,-inf
24,94,0.76953125,0.86328125,0.8359375,-inf
24,95,0.7734375,0.85546875,0.8125,-inf
24,96,0.796875,0.91015625,0.890625,-inf
24,97,0.79296875,0.953125,0.9453125,-inf
24,98,0.8125,0.9609375,0.9453125,-inf
25,60,0.5625,0.55859375,0.451171875,0.486328125
25,61,0.57421875,0.5390625,0.376953125,0.0615234375
25,62,0.59375,0.5625,0.44921875,0.1943359375
25,63,0.6015625,0.62890625,0.55078125,0.234375
25,64,0.6171875,0.6640625,0.59375,0.0830078125
25,65,0.6484375,0.671875,0.62109375,0.09814453125
25,66,0.6484375,0.72265625,0.671875,0.076171875
25,67,0.66796875,0.734375,0.6953125,-inf
25,68,0.69140625,0.7265625,0.69921875,-inf
25,69,0.6953125,0.7578125,0.7109375,-inf
25,70,0.6953125,0.765625,0.71875,-inf
25,71,0.71484375,0.7578125,0.7421875,-inf
25,72,0.6953125,0.7890625,0.74609375,-inf
25,73,0.703125,0.7890625,0.7578125,-inf
25,74,0.7421875,0.7890625,0.76171875,-inf
25,75,0.73046875,0.79296875,0.7734375,-inf
25,76,0.734375,0.8046875,0.77734375,-inf
25,77,0.69140625,0.8046875,0.7734375,-inf
25,78,0.75,0.8046875,0.78125,-inf
25,79,0.71875,0.8203125,0.78125,-inf
25,80,0.73046875,0.8046875,0.76953125,-inf
25,81,0.7421875,0.8203125,0.78515625,-inf
25,82,0.7421875,0.8203125,0.78125,-inf
25,83,0.71875,0.8203125,0.76953125,-inf
25,84,0.75,0.8125,0.765625,-inf
25,85,0.73828125,0.8125,0.77734375,-inf
25,86,0.75,0.8203125,0.7734375,-inf
25,87,0.7421875,0.82421875,0.78515625,-inf
25,88,0.76171875,0.8125,0.78125,-inf
25,89,0.76953125,0.8203125,0.7734375,-inf
25,90,0.75,0.828125,0.78515625,-inf
25,91,0.75390625,0.828125,0.79296875,-inf
25,92,0.73046875,0.8359375,0.796875,-inf
25,93,0.7578125,0.8515625,0.8203125,-inf
25,94,0.765625,0.86328125,0.8359375,-inf
25,95,0.76953125,0.859375,0.81640625,-inf
25,96,0.7890625,0.91015625,0.890625,-inf
25,97,0.7890625,0.94921875,0.94140625,-inf
25,98,0.80859375,0.9609375,0.94140625,-inf
26,61,0.5703125,0.54296875,0.404296875,0.1171875
26,62,0.58203125,0.56640625,0.49609375,0.2216796875
26,63,0.6015625,0.60546875,0.53125,0.28515625
26,64,0.60546875,0.64453125,0.58203125,0.11181640625
26,65,0.62109375,0.671875,0.6015625,0.09130859375
26,66,0.66796875,0.6875,0.65234375,0.09814453125
26,67,0.64453125,0.72265625,0.68359375,-inf
26,68,0.6875,0.7265625,0.6953125,-inf
26,69,0.69140625,0.75,0.71484375,-inf
26,70,0.6875,0.75390625,0.71875,-inf
26,71,0.7109375,0.75390625,0.73046875,-inf
26,72,0.6875,0.765625,0.734375,-inf
26,73,0.6953125,0.765625,0.73828125,-inf
26,74,0.73046875,0.76953125,0.75,-inf
26,75,0.72265625,0.76953125,0.75390625,-inf
26,76,0.7265625,0.7734375,0.75,-inf
26,77,0.68359375,0.78125,0.75390625,-inf
26,78,0.7421875,0.77734375,0.76171875,-inf
26,79,0.71484375,0.7890625,0.75390625,-inf
26,80,0.72265625,0.78515625,0.7578125,-inf
26,81,0.734375,0.7890625,0.76171875,-inf
26,82,0.73046875,0.79296875,0.7578125,-inf
26,83,0.7109375,0.796875,0.7578125,-inf
26,84,0.75,0.796875,0.7578125,-inf
26,85,0.734375,0.7890625,0.7578125,-inf
26,86,0.73828125,0.8046875,0.765625,-inf
26,87,0.7265625,0.8046875,0.76953125,-inf
26,88,0.7578125,0.796875,0.76953125,-inf
26,89,0.76171875,0.8125,0.7734375,-inf
26,90,0.7421875,0.81640625,0.7734375,-inf
26,91,0.75390625,0.8125,0.78125,-inf
26,92,0.72265625,0.8203125,0.79296875,-inf
26,93,0.75,0.828125,0.796875,-inf
26,94,0.7578125,0.8359375,0.8125,-inf
26,95,0.765625,0.83203125,0.796875,-inf
26,96,0.78515625,0.90234375,0.8828125,-inf
26,97,0.78515625,0.9453125,0.94140625,-inf
26,98,0.8046875,0.95703125,0.94140625,-inf
27,61,0.55859375,0.5703125,0.44140625,0.1357421875
27,62,0.5625,0.5859375,0.50390625,0.2734375
27,64,0.62109375,0.73828125,0.734375,0.251953125
27,65,0.6328125,0.66015625,0.6171875,0.1640625
27,66,0.65234375,0.703125,0.69921875,0.1201171875
27,67,0.61328125,0.69140625,0.6640625,-inf
27,68,0.6640625,0.6875,0.640625,-inf
27,69,0.6640625,0.703125,0.66015625,-inf
27,70,0.65625,0.7109375,0.6640625,-inf
27,71,0.69140625,0.7109375,0.67578125,-inf
27,72,0.6640625,0.72265625,0.68359375,-inf
27,73,0.671875,0.73046875,0.69140625,-inf
27,74,0.71484375,0.734375,0.70703125,-inf
27,75,0.69921875,0.73828125,0.7109375,-inf
27,76,0.69921875,0.75,0.71484375,-inf
27,77,0.66015625,0.75390625,0.71875,-inf
27,78,0.7265625,0.75,0.7265625,-inf
27,79,0.6953125,0.765625,0.7265625,-inf
27,80,0.6953125,0.765625,0.73046875,-inf
27,81,0.71484375,0.75390625,0.72265625,-inf
27,82,0.70703125,0.76953125,0.73046875,-inf
27,83,0.6953125,0.7734375,0.7265625,-inf
27,84,0.7265625,0.77734375,0.73828125,-inf
27,85,0.71875,0.76953125,0.734375,-inf
27,86,0.71875,0.7890625,0.74609375,-inf
27,87,0.70703125,0.7890625,0.75,-inf
27,88,0.73828125,0.77734375,0.73828125,-inf
27,89,0.7421875,0.796875,0.74609375,-inf
27,90,0.73046875,0.8046875,0.7578125,-inf
27,91,0.73828125,0.80078125,0.76171875,-inf
27,92,0.7265625,0.81640625,0.77734375,-inf
27,93,0.74609375,0.828125,0.78515625,-inf
27,94,0.73828125,0.828125,0.796875,-inf
27,95,0.7578125,0.828125,0.78125,-inf
27,96,0.7734375,0.8984375,0.87890625,-inf
27,97,0.76953125,0.94140625,0.94140625,-inf
27,98,0.79296875,0.95703125,0.94140625,-inf
28,61,0.515625,0.5546875,0.439453125,0.66015625
28,64,0.6171875,0.7265625,0.72265625,0.2275390625
28,65,0.62109375,0.6484375,0.609375,0.1826171875
28,66,0.64453125,0.6875,0.67578125,0.2275390625
28,67,0.61328125,0.6953125,0.6796875,-inf
28,68,0.66015625,0.6953125,0.6484375,-inf
28,69,0.66015625,0.71484375,0.6640625,-inf
28,70,0.6484375,0.71875,0.66796875,-inf
28,71,0.69140625,0.7265625,0.69140625,-inf
28,72,0.66796875,0.734375,0.69140625,-inf
28,73,0.66015625,0.74609375,0.703125,-inf
28,74,0.7109375,0.7421875,0.71875,-inf
28,75,0.6953125,0.74609375,0.71484375,-inf
28,76,0.69921875,0.75,0.71484375,-inf
28,77,0.6640625,0.7578125,0.71875,-inf
28,78,0.72265625,0.7578125,0.7265625,-inf
28,79,0.69140625,0.765625,0.72265625,-inf
28,80,0.69921875,0.765625,0.7265625,-inf
28,81,0.7109375,0.76171875,0.72265625,-inf
28,82,0.72265625,0.76171875,0.7265625,-inf
28,83,0.72265625,0.76953125,0.73046875,-inf
28,84,0.7109375,0.76953125,0.73046875,-inf
28,85,0.69921875,0.77734375,0.734375,-inf
28,86,0.73828125,0.78125,0.73828125,-inf
28,87,0.71875,0.7890625,0.74609375,-inf
28,88,0.73046875,0.78125,0.7421875,-inf
28,89,0.734375,0.79296875,0.74609375,-inf
28,90,0.703125,0.79296875,0.75,-inf
28,91,0.74609375,0.79296875,0.76171875,-inf
28,92,0.73046875,0.80859375,0.78125,-inf
28,93,0.73828125,0.8125,0.78515625,-inf
28,94,0.7265625,0.82421875,0.80078125,-inf
28,95,0.75,0.8125,0.7734375,-inf
28,96,0.76953125,0.890625,0.8671875,-inf
28,97,0.765625,0.9375,0.94140625,-inf
28,98,0.79296875,0.95703125,0.94140625,-inf
29,64,0.61328125,0.7109375,0.71484375,0.24609375
29,65,0.6171875,0.6328125,0.58203125,0.1826171875
29,66,0.640625,0.6640625,0.6484375,0.1611328125
29,67,0.60546875,0.6640625,0.6328125,-inf
29,68,0.65234375,0.671875,0.61328125,-inf
29,69,0.65234375,0.6953125,0.640625,-inf
29,70,0.63671875,0.6953125,0.640625,-inf
29,71,0.68359375,0.69140625,0.65234375,-inf
29,72,0.66015625,0.69921875,0.65234375,-inf
29,73,0.66015625,0.71484375,0.6640625,-inf
29,74,0.70703125,0.7109375,0.67578125,-inf
29,75,0.6875,0.7265625,0.6875,-inf
29,76,0.69140625,0.73828125,0.69921875,-inf
29,77,0.671875,0.75,0.70703125,-inf
29,78,0.72265625,0.75,0.71875,-inf
29,79,0.6875,0.7578125,0.71484375,-inf
29,80,0.703125,0.7578125,0.71484375,-inf
29,81,0.7109375,0.76171875,0.72265625,-inf
29,82,0.71875,0.76953125,0.7265625,-inf
29,83,0.71875,0.7734375,0.734375,-inf
29,84,0.7109375,0.7734375,0.734375,-inf
29,85,0.69921875,0.78515625,0.7421875,-inf
29,86,0.7421875,0.7890625,0.75,-inf
29,87,0.72265625,0.796875,0.75390625,-inf
29,88,0.73046875,0.796875,0.76171875,-inf
29,89,0.73828125,0.8046875,0.7578125,-inf
29,90,0.70703125,0.8046875,0.7578125,-inf
29,91,0.734375,0.80859375,0.76953125,-inf
29,92,0.734375,0.8046875,0.76953125,-inf
29,93,0.75390625,0.8203125,0.78125,-inf
29,94,0.734375,0.8515625,0.8125,-inf
29,95,0.74609375,0.84375,0.79296875,-inf
29,96,0.7734375,0.90625,0.88671875,-inf
29,97,0.765625,0.9375,0.94140625,-inf
29,98,0.7890625,0.953125,0.94140625,-inf
30,65,0.59375,0.61328125,0.5859375,0.365234375
30,66,0.61328125,0.6484375,0.65234375,0.2578125
30,67,0.58203125,0.609375,0.53125,-inf
30,68,0.625,0.6328125,0.5625,-inf
30,69,0.62890625,0.65625,0.59765625,-inf
30,70,0.625,0.66015625,0.60546875,-inf
30,71,0.65625,0.6640625,0.609375,-inf
30,72,0.6484375,0.6796875,0.62890625,-inf
30,73,0.64453125,0.68359375,0.63671875,-inf
30,74,0.6953125,0.69140625,0.65625,-inf
30,75,0.671875,0.69921875,0.66796875,-inf
30,76,0.6796875,0.7109375,0.67578125,-inf
30,77,0.671875,0.734375,0.68359375,-inf
30,78,0.70703125,0.7265625,0.6953125,-inf
30,79,0.6796875,0.75,0.703125,-inf
30,80,0.6953125,0.75,0.7109375,-inf
30,81,0.703125,0.7578125,0.71875,-inf
30,82,0.71484375,0.76171875,0.7265625,-inf
30,83,0.703125,0.765625,0.7265625,-inf
30,84,0.70703125,0.765625,0.7265625,-inf
30,85,0.69140625,0.78125,0.734375,-inf
30,86,0.73828125,0.78515625,0.7421875,-inf
30,87,0.71875,0.796875,0.74609375,-inf
30,88,0.72265625,0.79296875,0.75390625,-inf
30,89,0.734375,0.8046875,0.7578125,-inf
30,90,0.69921875,0.80078125,0.7578125,-inf
30,91,0.7421875,0.79296875,0.7578125,-inf
30,92,0.72265625,0.8125,0.78125,-inf
30,93,0.74609375,0.8046875,0.77734375,-inf
30,94,0.73046875,0.84375,0.80859375,-inf
30,95,0.7421875,0.8359375,0.7890625,-inf
30,96,0.765625,0.8984375,0.87890625,-inf
30,97,0.765625,0.9375,0.9375,-inf
30,98,0.7890625,0.94921875,0.9375,-inf
31,66,0.5859375,0.63671875,0.640625,0.30859375
31,67,0.5625,0.59765625,0.515625,-inf
31,68,0.609375,0.6328125,0.5234375,-inf
31,69,0.609375,0.640625,0.5546875,-inf
31,70,0.6328125,0.6484375,0.5703125,-inf
31,71,0.6171875,0.66015625,0.6015625,-inf
31,72,0.65625,0.66015625,0.6171875,-inf
31,73,0.6328125,0.66796875,0.62109375,-inf
31,74,0.67578125,0.69140625,0.64453125,-inf
31,75,0.6640625,0.703125,0.66015625,-inf
31,76,0.6796875,0.7265625,0.6796875,-inf
31,77,0.671875,0.7421875,0.6953125,-inf
31,78,0.69140625,0.734375,0.703125,-inf
31,79,0.67578125,0.765625,0.71484375,-inf
31,80,0.67578125,0.76171875,0.71484375,-inf
31,81,0.703125,0.75,0.703125,-inf
31,82,0.71484375,0.765625,0.71484375,-inf
31,83,0.69921875,0.7578125,0.71484375,-inf
31,84,0.71484375,0.76953125,0.7265625,-inf
31,85,0.6953125,0.7734375,0.72265625,-inf
31,86,0.73046875,0.765625,0.72265625,-inf
31,87,0.72265625,0.7734375,0.72265625,-inf
31,88,0.71484375,0.78125,0.7265625,-inf
31,89,0.7265625,0.79296875,0.73828125,-inf
31,90,0.69140625,0.7890625,0.73828125,-inf
31,91,0.74609375,0.77734375,0.73046875,-inf
31,92,0.71484375,0.8046875,0.76171875,-inf
31,93,0.73828125,0.8125,0.76953125,-inf
31,94,0.7265625,0.83203125,0.79296875,-inf
31,95,0.75,0.828125,0.7734375,-inf
31,96,0.765625,0.8984375,0.87109375,-inf
31,97,0.76953125,0.9375,0.9375,-inf
31,98,0.7890625,0.94921875,0.9375,-inf
32,67,0.5546875,0.609375,0.515625,0.65625
32,68,0.578125,0.6015625,0.53125,0.62890625
32,69,0.6015625,0.6640625,0.59375,0.291015625
32,70,0.62890625,0.66015625,0.56640625,0.333984375
32,71,0.60546875,0.6640625,0.56640625,0.197265625
32,72,0.64453125,0.6640625,0.59765625,0.169921875
32,73,0.62109375,0.671875,0.640625,0.166015625
32,74,0.66015625,0.69140625,0.6484375,0.08154296875
32,75,0.65625,0.69140625,0.6484375,-inf
32,76,0.66796875,0.7265625,0.671875,-inf
32,77,0.66015625,0.7265625,0.68359375,-inf
32,78,0.68359375,0.7265625,0.6953125,-inf
32,79,0.66796875,0.76171875,0.7109375,-inf
32,80,0.6640625,0.76953125,0.72265625,-inf
32,81,0.69140625,0.76953125,0.72265625,-inf
32,82,0.70703125,0.76953125,0.72265625,-inf
32,83,0.6953125,0.765625,0.7265625,-inf
32,84,0.70703125,0.765625,0.73046875,-inf
32,85,0.69140625,0.7734375,0.72265625,-inf
32,86,0.7265625,0.76953125,0.7265625,-inf
32,87,0.71484375,0.78125,0.73046875,-inf
32,88,0.7109375,0.78515625,0.73828125,-inf
32,89,0.72265625,0.796875,0.74609375,-inf
32,90,0.68359375,0.7890625,0.7421875,-inf
32,91,0.73828125,0.77734375,0.73046875,-inf
32,92,0.7109375,0.80078125,0.7578125,-inf
32,93,0.73046875,0.8125,0.765625,-inf
32,94,0.72265625,0.83203125,0.79296875,-inf
32,95,0.74609375,0.8203125,0.765625,-inf
32,96,0.7578125,0.890625,0.86328125,-inf
32,97,0.76171875,0.93359375,0.93359375,-inf
32,98,0.78515625,0.94921875,0.93359375,-inf
33,68,0.57421875,0.6640625,0.65625,0.7578125
33,69,0.59765625,0.6640625,0.61328125,0.232421875
33,70,0.6171875,0.6484375,0.5390625,0.291015625
33,71,0.6171875,0.640625,0.5234375,0.1796875
33,72,0.640625,0.65625,0.59375,0.197265625
33,73,0.6171875,0.65625,0.6328125,0.173828125
33,74,0.65234375,0.671875,0.62890625,0.08203125
33,75,0.64453125,0.671875,0.625,-inf
33,76,0.66015625,0.6953125,0.62890625,-inf
33,77,0.65625,0.7109375,0.6484375,-inf
33,78,0.67578125,0.6953125,0.65625,-inf
33,79,0.66796875,0.7265625,0.671875,-inf
33,80,0.66015625,0.7265625,0.67578125,-inf
33,81,0.6796875,0.734375,0.67578125,-inf
33,82,0.69921875,0.72265625,0.67578125,-inf
33,83,0.68359375,0.71875,0.671875,-inf
33,84,0.69140625,0.72265625,0.671875,-inf
33,85,0.67578125,0.734375,0.671875,-inf
33,86,0.71484375,0.7265625,0.6796875,-inf
33,87,0.69921875,0.75,0.6875,-inf
33,88,0.703125,0.73828125,0.6875,-inf
33,89,0.7109375,0.75390625,0.6953125,-inf
33,90,0.70703125,0.75,0.6953125,-inf
33,91,0.67578125,0.7578125,0.70703125,-inf
33,92,0.7109375,0.7578125,0.70703125,-inf
33,93,0.72265625,0.7734375,0.72265625,-inf
33,94,0.7265625,0.796875,0.75,-inf
33,95,0.734375,0.78515625,0.71484375,-inf
33,96,0.75390625,0.87109375,0.8359375,-inf
33,97,0.75390625,0.9296875,0.9296875,-inf
33,98,0.78125,0.9453125,0.93359375,-inf
34,69,0.578125,0.6171875,0.57421875,0.263671875
34,70,0.59765625,0.61328125,0.50390625,0.28515625
34,71,0.6171875,0.62109375,0.51953125,0.25
34,72,0.6171875,0.6484375,0.58984375,0.193359375
34,73,0.6015625,0.640625,0.6171875,0.1904296875
34,74,0.63671875,0.63671875,0.5859375,0.08349609375
34,75,0.625,0.640625,0.5859375,-inf
34,76,0.640625,0.67578125,0.609375,-inf
34,77,0.64453125,0.6875,0.625,-inf
34,78,0.66796875,0.6875,0.640625,-inf
34,79,0.6484375,0.71875,0.65625,-inf
34,80,0.65234375,0.7265625,0.671875,-inf
34,81,0.671875,0.734375,0.671875,-inf
34,82,0.6875,0.71484375,0.6640625,-inf
34,83,0.6796875,0.71875,0.6640625,-inf
34,84,0.68359375,0.73046875,0.671875,-inf
34,85,0.66796875,0.73828125,0.671875,-inf
34,86,0.7109375,0.734375,0.67578125,-inf
34,87,0.69140625,0.75,0.68359375,-inf
34,88,0.69921875,0.74609375,0.6796875,-inf
34,89,0.70703125,0.76171875,0.69140625,-inf
34,90,0.69921875,0.7578125,0.6875,-inf
34,91,0.671875,0.76171875,0.6953125,-inf
34,92,0.703125,0.75,0.68359375,-inf
34,93,0.71875,0.7734375,0.703125,-inf
34,94,0.7265625,0.80078125,0.73828125,-inf
34,95,0.734375,0.796875,0.71875,-inf
34,96,0.75,0.87109375,0.83203125,-inf
34,97,0.7421875,0.92578125,0.92578125,-inf
34,98,0.77734375,0.9453125,0.9296875,-inf
35,69,0.546875,0.5859375,0.5859375,0.37890625
35,71,0.58984375,0.6171875,0.515625,0.302734375
35,72,0.578125,0.59765625,0.5625,0.4453125
35,73,0.57421875,0.6015625,0.58984375,0.1884765625
35,74,0.60546875,0.58984375,0.51953125,0.1953125
35,75,0.609375,0.59765625,0.5234375,-inf
35,76,0.6171875,0.6171875,0.55078125,-inf
35,77,0.625,0.6328125,0.56640625,-inf
35,78,0.65625,0.625,0.59375,-inf
35,79,0.63671875,0.671875,0.6171875,-inf
35,80,0.63671875,0.6796875,0.625,-inf
35,81,0.66015625,0.671875,0.62890625,-inf
35,82,0.66796875,0.66796875,0.62890625,-inf
35,83,0.66796875,0.6640625,0.625,-inf
35,84,0.671875,0.6640625,0.625,-inf
35,85,0.65625,0.68359375,0.6328125,-inf
35,86,0.6953125,0.671875,0.6328125,-inf
35,87,0.67578125,0.6953125,0.640625,-inf
35,88,0.69140625,0.68359375,0.63671875,-inf
35,89,0.69140625,0.69921875,0.6484375,-inf
35,90,0.69140625,0.70703125,0.6484375,-inf
35,91,0.65625,0.7109375,0.66015625,-inf
35,92,0.6875,0.71875,0.67578125,-inf
35,93,0.70703125,0.734375,0.6953125,-inf
35,94,0.70703125,0.765625,0.72265625,-inf
35,95,0.72265625,0.76171875,0.69921875,-inf
35,96,0.7421875,0.84765625,0.8046875,-inf
35,97,0.734375,0.92578125,0.92578125,-inf
35,98,0.77734375,0.9453125,0.9296875,-inf
36,69,0.54296875,0.609375,0.6015625,0.326171875
36,71,0.57421875,0.6171875,0.53125,0.369140625
36,73,0.56640625,0.59765625,0.59765625,0.296875
36,74,0.57421875,0.6171875,0.56640625,0.1640625
36,75,0.59765625,0.62109375,0.53515625,-inf
36,76,0.609375,0.64453125,0.5703125,-inf
36,77,0.6171875,0.65625,0.58984375,-inf
36,78,0.640625,0.65625,0.61328125,-inf
36,79,0.6328125,0.6953125,0.6328125,-inf
36,80,0.64453125,0.703125,0.640625,-inf
36,81,0.66015625,0.6953125,0.64453125,-inf
36,82,0.66796875,0.6953125,0.64453125,-inf
36,83,0.6796875,0.6796875,0.640625,-inf
36,84,0.66796875,0.6953125,0.640625,-inf
36,85,0.66015625,0.69140625,0.63671875,-inf
36,86,0.6953125,0.6875,0.63671875,-inf
36,87,0.671875,0.70703125,0.6484375,-inf
36,88,0.6875,0.6953125,0.6484375,-inf
36,89,0.6875,0.703125,0.65234375,-inf
36,90,0.6875,0.70703125,0.65234375,-inf
36,91,0.65234375,0.70703125,0.65625,-inf
36,92,0.6875,0.7109375,0.6640625,-inf
36,93,0.703125,0.7265625,0.68359375,-inf
36,94,0.703125,0.74609375,0.6953125,-inf
36,95,0.71875,0.75,0.69140625,-inf
36,96,0.73828125,0.83984375,0.79296875,-inf
36,97,0.72265625,0.921875,0.92578125,-inf
36,98,0.7734375,0.9453125,0.9296875,-inf
37,69,0.53125,0.6015625,0.60546875,0.384765625
37,73,0.5625,0.58984375,0.6015625,0.4765625
37,74,0.57421875,0.625,0.57421875,0.2158203125
37,75,0.58203125,0.63671875,0.5546875,-inf
37,76,0.61328125,0.65625,0.6015625,-inf
37,77,0.62109375,0.6640625,0.609375,-inf
37,78,0.640625,0.6484375,0.62109375,-inf
37,79,0.62890625,0.6875,0.63671875,-inf
37,80,0.6484375,0.69140625,0.63671875,-inf
37,81,0.65625,0.6796875,0.63671875,-inf
37,82,0.6640625,0.6796875,0.6328125,-inf
37,83,0.6796875,0.671875,0.6328125,-inf
37,84,0.66015625,0.6796875,0.62890625,-inf
37,85,0.6484375,0.67578125,0.62890625,-inf
37,86,0.69140625,0.6796875,0.63671875,-inf
37,87,0.67578125,0.6875,0.6328125,-inf
37,88,0.68359375,0.6796875,0.6328125,-inf
37,89,0.68359375,0.6875,0.640625,-inf
37,90,0.68359375,0.69140625,0.640625,-inf
37,91,0.6484375,0.6953125,0.65234375,-inf
37,92,0.6875,0.7109375,0.66796875,-inf
37,93,0.69921875,0.71875,0.68359375,-inf
37,94,0.703125,0.73828125,0.6953125,-inf
37,95,0.7109375,0.7265625,0.66796875,-inf
37,96,0.73046875,0.8203125,0.76171875,-inf
37,97,0.72265625,0.91796875,0.91796875,-inf
37,98,0.76953125,0.9453125,0.921875,-inf
38,69,0.51953125,0.5859375,0.58203125,0.53125
38,74,0.57421875,0.625,0.55859375,0.23828125
38,75,0.578125,0.640625,0.58203125,-inf
38,76,0.58984375,0.66015625,0.62109375,-inf
38,77,0.58984375,0.66796875,0.62109375,-inf
38,78,0.62109375,0.65234375,0.61328125,-inf
38,79,0.62109375,0.671875,0.6171875,-inf
38,80,0.63671875,0.6640625,0.61328125,-inf
38,81,0.6484375,0.67578125,0.62890625,-inf
38,82,0.65234375,0.6875,0.6328125,-inf
38,83,0.671875,0.6796875,0.6328125,-inf
38,84,0.65625,0.69140625,0.63671875,-inf
38,85,0.64453125,0.6875,0.6328125,-inf
38,86,0.671875,0.68359375,0.63671875,-inf
38,87,0.66796875,0.69140625,0.63671875,-inf
38,88,0.6796875,0.68359375,0.6328125,-inf
38,89,0.6796875,0.69921875,0.6484375,-inf
38,90,0.6796875,0.703125,0.64453125,-inf
38,91,0.64453125,0.703125,0.65234375,-inf
38,92,0.6796875,0.71875,0.66796875,-inf
38,93,0.69140625,0.734375,0.68359375,-inf
38,94,0.69921875,0.7578125,0.70703125,-inf
38,95,0.70703125,0.74609375,0.68359375,-inf
38,96,0.73046875,0.828125,0.77734375,-inf
38,97,0.72265625,0.91796875,0.9140625,-inf
38,98,0.76953125,0.9453125,0.92578125,-inf
39,74,0.56640625,0.6171875,0.5546875,0.328125
39,75,0.57421875,0.6328125,0.5703125,-inf
39,76,0.5859375,0.6484375,0.609375,-inf
39,77,0.5859375,0.66015625,0.61328125,-inf
39,78,0.6171875,0.6484375,0.6171875,-inf
39,79,0.6171875,0.671875,0.62109375,-inf
39,80,0.6328125,0.66015625,0.6171875,-inf
39,81,0.64453125,0.66796875,0.62890625,-inf
39,82,0.6484375,0.6796875,0.6328125,-inf
39,83,0.66796875,0.671875,0.6328125,-inf
39,84,0.65234375,0.68359375,0.63671875,-inf
39,85,0.64453125,0.6796875,0.63671875,-inf
39,86,0.67578125,0.6796875,0.63671875,-inf
39,87,0.66015625,0.69140625,0.63671875,-inf
39,88,0.67578125,0.67578125,0.62890625,-inf
39,89,0.67578125,0.69140625,0.64453125,-inf
39,90,0.67578125,0.6953125,0.6484375,-inf
39,91,0.640625,0.703125,0.65625,-inf
39,92,0.67578125,0.71484375,0.671875,-inf
39,93,0.6875,0.72265625,0.68359375,-inf
39,94,0.69140625,0.7421875,0.6953125,-inf
39,95,0.703125,0.734375,0.671875,-inf
39,96,0.7265625,0.8203125,0.76171875,-inf
39,97,0.71875,0.91796875,0.9140625,-inf
39,98,0.765625,0.94140625,0.921875,-inf
40,75,0.55078125,0.61328125,0.498046875,0.244140625
40,76,0.55859375,0.609375,0.5625,0.2021484375
40,77,0.5625,0.63671875,0.6171875,0.330078125
40,78,0.6015625,0.640625,0.6015625,0.1484375
40,79,0.59375,0.65625,0.59765625,0.052001953125
40,80,0.625,0.65625,0.62109375,0.06689453125
40,81,0.6328125,0.6640625,0.62890625,0.060546875
40,82,0.63671875,0.68359375,0.6328125,0.044921875
40,83,0.66015625,0.66796875,0.6328125,-inf
40,84,0.64453125,0.6796875,0.63671875,-inf
40,85,0.6328125,0.6796875,0.6328125,-inf
40,86,0.6640625,0.67578125,0.63671875,-inf
40,87,0.66015625,0.671875,0.62890625,-inf
40,88,0.66796875,0.66796875,0.625,-inf
40,89,0.66796875,0.68359375,0.6328125,-inf
40,90,0.66796875,0.6875,0.640625,-inf
40,91,0.63671875,0.6953125,0.65234375,-inf
40,92,0.66796875,0.703125,0.66015625,-inf
40,93,0.6796875,0.7109375,0.67578125,-inf
40,94,0.6875,0.73046875,0.6875,-inf
40,95,0.69921875,0.71484375,0.64453125,-inf
40,96,0.71875,0.80859375,0.74609375,-inf
40,97,0.71484375,0.9140625,0.91015625,-inf
40,98,0.76171875,0.9375,0.91796875,-inf
41,75,0.498046875,0.6171875,0.5078125,0.30078125
41,76,0.515625,0.6484375,0.578125,0.2021484375
41,78,0.56640625,0.71484375,0.65234375,0.2578125
41,79,0.58203125,0.65625,0.5859375,0.1337890625
41,80,0.58203125,0.68359375,0.63671875,0.08935546875
41,81,0.59375,0.671875,0.61328125,0.08251953125
41,82,0.57421875,0.66796875,0.609375,0.05810546875
41,83,0.6015625,0.640625,0.58984375,-inf
41,84,0.59375,0.64453125,0.58984375,-inf
41,85,0.58203125,0.64453125,0.59765625,-inf
41,86,0.61328125,0.6484375,0.59765625,-inf
41,87,0.59375,0.6484375,0.59765625,-inf
41,88,0.61328125,0.640625,0.59765625,-inf
41,89,0.61328125,0.6484375,0.59765625,-inf
41,90,0.609375,0.65625,0.59765625,-inf
41,91,0.61328125,0.66015625,0.609375,-inf
41,92,0.6171875,0.68359375,0.6328125,-inf
41,93,0.625,0.69140625,0.64453125,-inf
41,94,0.63671875,0.71875,0.671875,-inf
41,95,0.64453125,0.71875,0.65234375,-inf
41,96,0.6640625,0.8125,0.75,-inf
41,97,0.6640625,0.90625,0.890625,-inf
41,98,0.70703125,0.9296875,0.90234375,-inf
42,76,0.50390625,0.609375,0.51953125,0.443359375
42,78,0.546875,0.6953125,0.63671875,0.232421875
42,79,0.5625,0.6328125,0.55859375,0.171875
42,80,0.56640625,0.66796875,0.6171875,0.11962890625
42,81,0.578125,0.65625,0.59765625,0.10205078125
42,82,0.5546875,0.6484375,0.5859375,0.0625
42,83,0.5859375,0.6171875,0.5625,-inf
42,84,0.56640625,0.61328125,0.5546875,-inf
42,85,0.5703125,0.625,0.5625,-inf
42,86,0.58203125,0.609375,0.5625,-inf
42,87,0.56640625,0.6171875,0.56640625,-inf
42,88,0.59375,0.60546875,0.5625,-inf
42,89,0.58984375,0.609375,0.56640625,-inf
42,90,0.58984375,0.6171875,0.56640625,-inf
42,91,0.5859375,0.625,0.56640625,-inf
42,92,0.59375,0.64453125,0.5859375,-inf
42,93,0.60546875,0.65234375,0.59765625,-inf
42,94,0.61328125,0.69140625,0.6328125,-inf
42,95,0.625,0.69140625,0.61328125,-inf
42,96,0.6484375,0.79296875,0.72265625,-inf
42,97,0.64453125,0.890625,0.87890625,-inf
42,98,0.69140625,0.92578125,0.89453125,-inf
43,78,0.515625,0.6484375,0.609375,0.234375
43,79,0.53125,0.59765625,0.515625,0.181640625
43,80,0.53125,0.60546875,0.5390625,0.2021484375
43,81,0.54296875,0.59375,0.5234375,0.09619140625
43,82,0.51953125,0.578125,0.5078125,0.0576171875
43,83,0.52734375,0.5625,0.484375,-inf
43,84,0.5234375,0.55078125,0.478515625,-inf
43,85,0.55078125,0.54296875,0.484375,-inf
43,86,0.53515625,0.5390625,0.484375,-inf
43,87,0.52734375,0.5546875,0.49609375,-inf
43,88,0.5546875,0.546875,0.494140625,-inf
43,89,0.54296875,0.5625,0.5078125,-inf
43,90,0.546875,0.5625,0.5078125,-inf
43,91,0.55078125,0.56640625,0.5078125,-inf
43,92,0.55078125,0.5859375,0.51953125,-inf
43,93,0.56640625,0.59375,0.53515625,-inf
43,94,0.56640625,0.6171875,0.56640625,-inf
43,95,0.58203125,0.62109375,0.55078125,-inf
43,96,0.609375,0.73046875,0.65234375,-inf
43,97,0.59765625,0.83984375,0.83203125,-inf
43,98,0.640625,0.8671875,0.84765625,-inf
44,79,0.55078125,0.58984375,0.46875,0.55078125
44,80,0.5625,0.625,0.56640625,0.494140625
44,81,0.5703125,0.6640625,0.62109375,0.2099609375
44,82,0.5703125,0.66796875,0.60546875,0.0986328125
44,83,0.59765625,0.671875,0.6015625,-inf
44,84,0.59375,0.66015625,0.6015625,-inf
44,85,0.609375,0.671875,0.609375,-inf
44,86,0.59765625,0.67578125,0.61328125,-inf
44,87,0.59765625,0.6796875,0.6171875,-inf
44,88,0.6171875,0.66796875,0.6171875,-inf
44,89,0.6171875,0.6640625,0.60546875,-inf
44,90,0.6171875,0.66796875,0.609375,-inf
44,91,0.6171875,0.6796875,0.6171875,-inf
44,92,0.61328125,0.67578125,0.6171875,-inf
44,93,0.6328125,0.6875,0.63671875,-inf
44,94,0.64453125,0.7109375,0.65234375,-inf
44,95,0.6484375,0.703125,0.62890625,-inf
44,96,0.671875,0.8046875,0.7421875,-inf
44,97,0.66015625,0.8984375,0.88671875,-inf
44,98,0.7265625,0.9296875,0.90234375,-inf
45,80,0.546875,0.65625,0.578125,0.91796875
45,81,0.546875,0.640625,0.62109375,0.341796875
45,82,0.5625,0.6484375,0.5859375,0.162109375
45,83,0.55859375,0.61328125,0.55078125,-inf
45,84,0.56640625,0.609375,0.55078125,-inf
45,85,0.58203125,0.62109375,0.5546875,-inf
45,86,0.578125,0.62109375,0.55859375,-inf
45,87,0.59765625,0.625,0.5625,-inf
45,88,0.6015625,0.63671875,0.56640625,-inf
45,89,0.60546875,0.640625,0.57421875,-inf
45,90,0.60546875,0.65625,0.6015625,-inf
45,91,0.609375,0.66015625,0.59765625,-inf
45,92,0.60546875,0.671875,0.609375,-inf
45,93,0.6171875,0.671875,0.61328125,-inf
45,94,0.6328125,0.69921875,0.63671875,-inf
45,95,0.6328125,0.68359375,0.609375,-inf
45,96,0.66015625,0.7890625,0.73046875,-inf
45,97,0.65234375,0.8828125,0.87109375,-inf
45,98,0.71484375,0.921875,0.890625,-inf
46,81,0.515625,0.6015625,0.5859375,0.455078125
46,82,0.53515625,0.60546875,0.53515625,0.162109375
46,83,0.53125,0.55859375,0.48046875,-inf
46,84,0.54296875,0.5625,0.50390625,-inf
46,85,0.5625,0.5859375,0.5234375,-inf
46,86,0.55859375,0.58203125,0.5234375,-inf
46,87,0.57421875,0.58984375,0.5234375,-inf
46,88,0.578125,0.59765625,0.52734375,-inf
46,89,0.578125,0.59765625,0.53515625,-inf
46,90,0.5859375,0.6171875,0.55078125,-inf
46,91,0.59375,0.609375,0.54296875,-inf
46,92,0.578125,0.625,0.55078125,-inf
46,93,0.59765625,0.625,0.546875,-inf
46,94,0.609375,0.64453125,0.57421875,-inf
46,95,0.6171875,0.65234375,0.578125,-inf
46,96,0.63671875,0.7578125,0.69140625,-inf
46,97,0.63671875,0.86328125,0.84375,-inf
46,98,0.703125,0.89453125,0.859375,-inf
47,82,0.52734375,0.61328125,0.59765625,0.396484375
47,83,0.53125,0.58203125,0.51171875,-inf
47,84,0.5390625,0.5859375,0.546875,-inf
47,85,0.546875,0.58984375,0.55078125,-inf
47,86,0.54296875,0.58203125,0.53515625,-inf
47,87,0.578125,0.58203125,0.53515625,-inf
47,88,0.56640625,0.59375,0.53515625,-inf
47,89,0.56640625,0.60546875,0.546875,-inf
47,90,0.58203125,0.6171875,0.5546875,-inf
47,91,0.58984375,0.62109375,0.5546875,-inf
47,92,0.57421875,0.62890625,0.55859375,-inf
47,93,0.59765625,0.6328125,0.55078125,-inf
47,94,0.609375,0.6640625,0.59375,-inf
47,95,0.62109375,0.66796875,0.58203125,-inf
47,96,0.62890625,0.7890625,0.7265625,-inf
47,97,0.640625,0.890625,0.87890625,-inf
47,98,0.7109375,0.921875,0.88671875,-inf
48,83,0.515625,0.52734375,0.458984375,0.099609375
48,84,0.5078125,0.54296875,0.498046875,0.1328125
48,85,0.5234375,0.55078125,0.49609375,0.1328125
48,86,0.52734375,0.54296875,0.47265625,0.1328125
48,87,0.5390625,0.52734375,0.458984375,0.080078125
48,88,0.54296875,0.5390625,0.46484375,0.052490234375
48,89,0.5390625,0.5546875,0.4765625,0.057373046875
48,90,0.5625,0.55078125,0.47265625,0.05859375
48,91,0.56640625,0.56640625,0.482421875,-inf
48,92,0.5546875,0.59375,0.494140625,-inf
48,93,0.578125,0.6015625,0.5078125,-inf
48,94,0.58984375,0.63671875,0.5625,-inf
48,95,0.6015625,0.640625,0.5546875,-inf
48,96,0.60546875,0.76171875,0.703125,-inf
48,97,0.64453125,0.8515625,0.8359375,-inf
48,98,0.6953125,0.89453125,0.86328125,-inf
49,83,0.50390625,0.5546875,0.490234375,0.2421875
49,85,0.5234375,0.5703125,0.478515625,0.271484375
49,86,0.51953125,0.5390625,0.462890625,0.11572265625
49,87,0.5234375,0.57421875,0.51171875,0.1875
49,88,0.5390625,0.58984375,0.52734375,0.15234375
49,89,0.546875,0.59375,0.5234375,0.1298828125
49,90,0.55859375,0.609375,0.53125,0.1123046875
49,91,0.5625,0.60546875,0.5234375,-inf
49,92,0.55859375,0.6171875,0.52734375,-inf
49,93,0.57421875,0.625,0.53125,-inf
49,94,0.5859375,0.66015625,0.578125,-inf
49,95,0.59765625,0.6640625,0.56640625,-inf
49,96,0.60546875,0.7890625,0.72265625,-inf
49,97,0.6640625,0.87890625,0.8671875,-inf
49,98,0.703125,0.921875,0.89453125,-inf
50,83,0.48828125,0.55078125,0.46484375,0.6328125
50,86,0.498046875,0.53515625,0.431640625,0.314453125
50,87,0.51953125,0.54296875,0.458984375,0.171875
50,88,0.5078125,0.5546875,0.494140625,0.166015625
50,89,0.53125,0.55078125,0.48828125,0.09619140625
50,90,0.53515625,0.5703125,0.484375,0.0888671875
50,91,0.54296875,0.5859375,0.49609375,-inf
50,92,0.5625,0.59765625,0.5234375,-inf
50,93,0.5625,0.61328125,0.5234375,-inf
50,94,0.5703125,0.6484375,0.578125,-inf
50,95,0.59375,0.65234375,0.56640625,-inf
50,96,0.59375,0.77734375,0.71484375,-inf
50,97,0.66015625,0.875,0.85546875,-inf
50,98,0.69921875,0.921875,0.890625,-inf
51,86,0.515625,0.54296875,0.44140625,0.2041015625
51,87,0.52734375,0.5625,0.498046875,0.166015625
51,88,0.5078125,0.5546875,0.515625,0.2021484375
51,89,0.53125,0.54296875,0.5,0.1630859375
51,90,0.52734375,0.55078125,0.484375,0.09130859375
51,91,0.53515625,0.546875,0.48828125,-inf
51,92,0.5546875,0.55078125,0.498046875,-inf
51,93,0.54296875,0.58984375,0.5,-inf
51,94,0.55859375,0.609375,0.53125,-inf
51,95,0.578125,0.609375,0.51953125,-inf
51,96,0.5859375,0.75,0.69140625,-inf
51,97,0.66015625,0.8671875,0.84765625,-inf
51,98,0.6953125,0.921875,0.890625,-inf
52,87,0.482421875,0.53125,0.47265625,0.373046875
52,88,0.5078125,0.53515625,0.482421875,0.1953125
52,89,0.5078125,0.53125,0.470703125,0.09228515625
52,90,0.5234375,0.54296875,0.494140625,0.0771484375
52,91,0.51953125,0.546875,0.484375,-inf
52,92,0.5546875,0.546875,0.50390625,-inf
52,93,0.53515625,0.5703125,0.490234375,-inf
52,94,0.54296875,0.578125,0.515625,-inf
52,95,0.5703125,0.5859375,0.498046875,-inf
52,96,0.578125,0.73828125,0.66796875,-inf
52,97,0.65625,0.86328125,0.84765625,-inf
52,98,0.69140625,0.91796875,0.88671875,-inf
53,88,0.51171875,0.578125,0.5,0.703125
53,89,0.50390625,0.56640625,0.51953125,0.59765625
53,90,0.51953125,0.57421875,0.55859375,0.11572265625
53,91,0.515625,0.55859375,0.51953125,-inf
53,92,0.53515625,0.578125,0.515625,-inf
53,93,0.5234375,0.58203125,0.5234375,-inf
53,94,0.54296875,0.578125,0.52734375,-inf
53,95,0.57421875,0.59765625,0.5234375,-inf
53,96,0.56640625,0.734375,0.671875,-inf
53,97,0.66015625,0.86328125,0.84765625,-inf
53,98,0.69140625,0.921875,0.88671875,-inf
54,89,0.49609375,0.53515625,0.435546875,0.73046875
54,90,0.515625,0.578125,0.54296875,0.298828125
54,91,0.50390625,0.58203125,0.55859375,-inf
54,92,0.5234375,0.59765625,0.546875,-inf
54,93,0.5234375,0.59375,0.53125,-inf
54,94,0.54296875,0.6015625,0.54296875,-inf
54,95,0.57421875,0.62109375,0.54296875,-inf
54,96,0.56640625,0.7421875,0.6875,-inf
54,97,0.65625,0.86328125,0.8515625,-inf
54,98,0.6875,0.91796875,0.88671875,-inf
55,90,0.51171875,0.6015625,0.55078125,0.365234375
55,91,0.51171875,0.58984375,0.59375,-inf
55,92,0.498046875,0.56640625,0.55078125,-inf
55,93,0.51953125,0.5546875,0.498046875,-inf
55,94,0.515625,0.5625,0.5078125,-inf
55,95,0.56640625,0.578125,0.49609375,-inf
55,96,0.5703125,0.72265625,0.64453125,-inf
55,97,0.65625,0.85546875,0.83984375,-inf
55,98,0.6875,0.91796875,0.88671875,-inf
56,91,0.486328125,0.58984375,0.62890625,0.64453125
56,92,0.4921875,0.56640625,0.55078125,0.41796875
56,93,0.53125,0.5390625,0.4609375,0.3828125
56,94,0.515625,0.5625,0.48828125,0.240234375
56,95,0.5625,0.5625,0.458984375,0.189453125
56,96,0.5703125,0.7109375,0.62890625,0.53125
56,97,0.65234375,0.84765625,0.83203125,0.7421875
56,98,0.68359375,0.9140625,0.8828125,0.9921875
57,91,0.296875,0.21484375,0.283203125,0.73046875
57,92,0.326171875,0.3203125,0.412109375,0.44921875
57,93,0.33984375,0.34375,0.41796875,0.3671875
57,94,0.36328125,0.375,0.46484375,0.197265625
57,95,0.333984375,0.318359375,0.388671875,0.1533203125
57,96,0.41015625,0.39453125,0.5,0.482421875
57,97,0.400390625,0.357421875,0.5,0.69140625
58,92,0.33984375,0.30859375,0.388671875,0.486328125
58,93,0.36328125,0.294921875,0.34765625,0.296875
58,94,0.359375,0.328125,0.396484375,0.2421875
58,95,0.341796875,0.27734375,0.328125,0.205078125
58,96,0.3984375,0.35546875,0.455078125,0.51953125
58,97,0.392578125,0.349609375,0.482421875,0.703125
59,92,0.49609375,0.5546875,0.490234375,0.431640625
59,93,0.515625,0.53515625,0.48046875,0.26953125
59,94,0.5078125,0.55859375,0.51953125,0.1376953125
59,95,0.52734375,0.546875,0.44921875,0.060302734375
59,96,0.55078125,0.6328125,0.58984375,0.7109375
60,92,0.494140625,0.5625,0.5078125,0.67578125
60,93,0.5078125,0.56640625,0.5234375,0.48046875
60,94,0.515625,0.59375,0.5625,0.115234375
60,95,0.52734375,0.58984375,0.51953125,0.2265625
61,93,0.466796875,0.578125,0.57421875,0.4453125
61,94,0.494140625,0.578125,0.56640625,0.2431640625
61,95,0.50390625,0.5703125,0.51171875,0.236328125
62,94,0.474609375,0.546875,0.53125,0.216796875
62,95,0.482421875,0.5390625,0.484375,0.220703125
63,94,0.4453125,0.5625,0.5625,0.470703125
